			EE_ZAR_Acc	Symbols	Asset Category	Purchase_Value (ZAR)	Current_Value (ZAR)	% Weighting	Current_Value (USD)	Purchase_Value (USD)	ROI (ZAR)
				Afrimat Limited	Equity - Construction and Engineering	50	49.87	0.00038439650788837606	3.0408536585365855	3.048780487804878	-0.0026000000000000467
				Anglogold Ashanti PLC	Equity - Metals and Mining	50	41.61	0.0003207286684025532	2.53719512195122	3.048780487804878	-0.16780000000000006
				Astral Foods Limited	Equity - Food Products	91.09	71.33	0.0005498095630174025	4.349390243902439	5.554268292682927	-0.21692831265781098
				BHP Group Limited	Equity - Metals and Mining	315	302.83	0.002334204822214496	18.465243902439024	19.207317073170735	-0.03863492063492069
				Boxer Retail Limited	Equity - Consumer Staple	318.48	339.31	0.002615391599992077	20.689634146341465	19.419512195121953	0.06540442099974886
				Capitec 	Equity - Banks	412.85	395.21	0.00304626717229928	24.098170731707317	25.17378048780488	-0.04272738282669264
				Copper 360 Limited	Equity - Metals and Mining	50	59.18	0.00045615771680036283	3.608536585365854	3.048780487804878	0.18359999999999999
				Discovery Limited	Equity - Insurance	400	396.15	0.0030535126649284174	24.15548780487805	24.390243902439025	-0.009625000000000106
				Lewis Group Limited	Equity - Consumer Discretionary	60.1	51.95	0.00040042908732306273	3.1676829268292686	3.664634146341464	-0.13560732113144758
				MTN	Equity - Wireless Communication Services	703.09	677.67	0.005223460627646196	41.32134146341463	42.87134146341464	-0.03615468858894322
				Pan African Resource PLC	Equity - Metals and Mining	250	218.79	0.0016864269492860998	13.340853658536586	15.243902439024392	-0.12484000000000006
				PPC Limited	Equity - Construction and Engineering	293.14	310.16	0.0023907042487800027	18.91219512195122	17.87439024390244	0.058060994746537586
				Premier	Equity - Food Products	314.86	307.61	0.0023710489230307475	18.75670731707317	19.198780487804882	-0.023026106841135707
				Purple Group Limited	Equity - Capital Markets	300	262.69	0.0020248068710085726	16.01768292682927	18.29268292682927	-0.12436666666666663
				Sasol Limited	Equity - Chemicals	165.49	162.93	0.001255859695814179	9.934756097560976	10.090853658536586	-0.015469212641247232
				SB Brent Crude Oil Etn	ETN - Commodity ETN	81.85	87.52	0.0006746016115979682	5.336585365853659	4.990853658536586	0.0692730604764813
				Standard Bank Copper ETN	ETN - Commodity ETN	414.4	430	0.003314427479286178	26.219512195121954	25.26829268292683	0.037644787644787625
				Shoprite	Equity - Consumer Staple	1044.73	1141.19	0.008796259290899056	69.58475609756098	63.70304878048781	0.09233007571334229
				Sibanye Stillwater Limited	Equity - Metals and Mining	154.71	132.23	0.0010192249897349101	8.06280487804878	9.433536585365855	-0.14530411738090632
				Stefanutti Stocks Holdings Limited	Equity - Construction and Engineering	985	996.96	0.007684538650579414	60.79024390243903	60.060975609756106	0.012142131979695492
				Valterra Platinum Limited	Equity - Metals and Mining	206.41	191.91	0.0014792366919763034	11.701829268292684	12.5859756097561	-0.07024853447022916
	EE Conversion			Vodacom Group Limited	Equity - Wireless Communication Services	128.54	123.15	0.0009492366141257973	7.509146341463415	7.837804878048781	-0.04193247238213771
	USDZAR			Total		6789.74	6750.249999999999	0.052030730446631444	411.6006097560976	414.0085365853658	-0.005816128452636016
											
	16.4		EE_USD_Acc	Symbols	Asset Category	Purchase_Value (ZAR)	Current_Value (ZAR)	% Weighting	Purchase_Value (USD)	Current_Value (USD)	ROI (ZAR)
				Advanced Micro Devices Inc	Equity - Tech	1220.4879999999998	1691.3319999999999	0.01303673780789779	74.42	103.13	0.3857833915614084
				Alphabet Inc - Cl A 	Equity - Tech	3277.048	3497.9559999999997	0.026962142994730143	199.82	213.29	0.06741066960264241
				Amazon	Equity - Tech	1891.0839999999998	1906.8279999999997	0.014697774701098381	115.31	116.27	0.008325383748157167
				Apple Inc	Equity - Tech	740.788	752.432	0.005799723946730832	45.17	45.88	0.01571839716626089
				ASML	Equity - Tech	491.99999999999994	587.284	0.0045267679715002415	30	35.81	0.19366666666666688
				Bloom Energy Corp	Equity - Energy	491.83599999999996	599.7479999999999	0.004622840120574248	29.99	36.57	0.2194064688229409
				Broadcom Inc	Equity - Tech	313.24	286.016	0.0022046029998035246	19.1	17.44	-0.0869109947643979
				The Coca-Cola Company	Equity - Beverages	1312	1327.416	0.010231683876381724	80	80.94	0.011749999999999927
				Coherent Corp	Equity - Tech	442.79999999999995	422.464	0.0032563402107189674	27	25.76	-0.045925925925925815
				Crowdstrike Holdings Inc	Equity - Tech	164	165.31199999999998	0.001274220082455248	10	10.08	0.008000000000000007
				Energy ETF Vanguard	ETF - Commodity ETF	245.99999999999997	231.896	0.0017874476156663896	15	14.14	-0.057333333333333236
				ETFMG Prime Cyber Security ETF	ETF - Tech ETF	656	669.612	0.005161349798278549	40	40.83	0.020750000000000046
				Freeport-McMoRan Inc	Equity - Metals and Mining	723.4039999999999	769.6519999999999	0.00593245520531992	44.11	46.93	0.06393108138744052
				GE Vernova Inc.	Equity - Electrical Equipment	856.0799999999999	832.4639999999999	0.006416608272363927	52.2	50.76	-0.027586206896551668
				Intel	Equity - Tech	1194.904	1890.7559999999999	0.0145738921930819	72.86	115.29	0.5823497117760086
				Invesco Solar ETF	ETF - Energy ETF	164	127.75599999999999	0.0009847395280085697	10	7.79	-0.22100000000000009
				iShares Expanded Tech-Software Sector ETF	ETF - Tech ETF	164	164	0.0012641072246579843	10	10	0
				MSCI South Korea	ETF - Asian Country Equities ETF	680.2719999999999	882.976	0.006805953297558587	41.48	53.84	0.29797492767598865
				iShares Semiconductor (SOXX)	ETF - Tech ETF	2399.1559999999995	2677.136	0.020635286335316933	146.29	163.24	0.11586574612071932
				Lam Research Corp	Equity - Tech	816.7199999999999	732.9159999999999	0.0056492951869965315	49.8	44.69	-0.10261044176706824
				Lumentum Holdings Inc.	Equity - Tech	430.33599999999996	456.4119999999999	0.0035180104062231695	26.24	27.83	0.06059451219512191
				Marvell	Equity - Tech	564.4879999999999	662.396	0.005105729080393598	34.42	40.39	0.17344567112144116
				Meta	Equity - Tech	1417.78	1537.8279999999997	0.011853533445617917	86.45	93.77	0.08467322151532652
				Micron	Equity - Tech	1213.436	1503.716	0.011590599142889057	73.99	91.69	0.23922151642113798
				Microsoft	Equity - Tech	800.156	869.8559999999999	0.006704824719585948	48.79	53.04	0.08710801393728218
				Monster Beverage Corp	Equity - Beverages	823.1159999999999	815.736	0.006287669335448814	50.19	49.74	-0.008965929468021328
				Nebius Group NV Class A	Equity - Tech	204.99999999999997	180.39999999999998	0.0013905179471237826	12.5	11	-0.12
				NVDIA	Equity - Tech	1679.36	1980.792	0.015267887059419134	102.4	120.78	0.17949218749999996
				Palo Alto Networks Inc	Equity - Tech	393.59999999999997	389.828	0.0030047828730120282	24	23.77	-0.009583333333333277
				Sandisk	Equity - Tech	3251.2999999999997	3754.124	0.028936678479645917	198.25	228.91	0.15465321563682233
				Southern Copper Corp	Equity - Metals and Mining	737.9999999999999	752.432	0.005799723946730832	45	45.88	0.01955555555555577
				SPDR Gold Shares (GLD)	ETF - Commodity ETF	2485.912	2434.0879999999997	0.0187618794283738	151.58	148.42	-0.020847077450851015
				Super Group SGHC Ltd	Equity - Hotels, Restaurants and Leisure	701.9199999999998	654.3599999999999	0.005043787826385356	42.8	39.9	-0.06775700934579432
				Taiwan Semiconductor Manufacturing Company Limited	Equity - Tech	3081.56	3344.124	0.025776410418000956	187.9	203.91	0.08520489622139427
				Vertiv Holdings Co	Equity - Energy	245.99999999999997	212.21599999999998	0.0016357547487074315	15	12.94	-0.1373333333333333
				Total		36277.78399999999	39764.259999999995	0.3065017582266981	2212.0600000000004	2424.65	0.09610498811062995
											
			EE_TSFA_Acc	Symbols	Asset Category	Purchase_Value (ZAR)	Current_Value (ZAR)	% Weighting	Current_Value (USD)	Purchase_Value (USD)	ROI (ZAR)
				FNB MidCap Exchange Traded Fund	ETF - Equity Index ETF	254	251.1	0.001935471488485487	15.310975609756099	15.487804878048783	-0.011417322834645693
				Satrix 40 ETF	ETF - Equity Index ETF	3049.31	3171.02	0.02444212982643269	193.3548780487805	185.93353658536586	0.039913947745555456
				Satrix MSCI Emerging Markets ETF	ETF - Emerging Countries Equities ETF	2688.8	2901.07	0.02236136308682036	176.894512195122	163.95121951219514	0.07894599821481707
				Satrix Nasdaq 100 ETF	ETF - Equity Index ETF	21707.26	23911.89	0.1843121518550427	1458.0420731707318	1323.6134146341465	0.10156187376942105
				Satrix RESI ETF	ETF - Equity Index ETF	789.72	706.75	0.0054476084208965265	43.09451219512196	48.15365853658537	-0.10506255381654261
				Satrix S&P 500 ETF	ETF - Equity Index ETF	25719	26842.78	0.20690336663356612	1636.7548780487805	1568.2317073170734	0.04369454488899249
				SYGNIA ITRIX EUROSTOXX50	ETF - Equity Index ETF	910.64	931.43	0.007179435318677965	56.79451219512195	55.52682926829269	0.022830097513836467
				Sygnia Itrix Global Prop ETF	ETF - Real Estate ETF	1017.17	981.32	0.0075639859859839825	59.836585365853665	62.02256097560976	-0.03524484599427813
				Sygnia Itrix MSCI Emerging Markets 50 ETF	ETF - Equity Index ETF	3174.97	3160.27	0.024359269139450537	192.69939024390246	193.59573170731707	-0.004629965007543313
				Total		59310.869999999995	62857.63	0.4845047817553564	3817.4713414634152	3601.028658536586	0.059799493752157096
											
			EE_Crypto_Acc	Symbols	Asset Category	Purchase_Value (ZAR)	Current_Value (ZAR)	% Weighting	Current_Value (USD)	Purchase_Value (USD)	ROI (ZAR)
				Ethereum	Crypto-crurrency	427.84	308.05	0.002374440430218854	18.783536585365855	26.087804878048782	-0.27998784592370973
				Solana	Crypto-crurrency	670.33	492.54	0.0037964839782502658	30.0329268292683	40.873780487804886	-0.2652275744782421
				Bitcoin	Crypto-crurrency	407	299.77	0.0023106184313153896	18.278658536585365	24.81707317073171	-0.26346437346437346
				Cardano	Crypto-crurrency	447.47	414.31	0.003193489416146643	25.262804878048783	27.28475609756098	-0.07410552662748349
				Tether	Crypto-crurrency	100.02	99.92	0.0007701804505355231	6.092682926829269	6.098780487804878	-0.0009998000399918938
				Total		2052.6600000000003	1614.5900000000001	0.012445212706466677	98.45060975609758	125.16219512195121	-0.21341576296123088
											
				Aggregate Cash in all Accounts		18798.97	18798.97				
											
				Total Portfolio		123180.02399999999	129735.82999999996	0.8554824831351526	6539.582560975611	6564.849390243903	0.05322134049917038