symbol,yf_ticker,name,gics_sector,industry,currency,market_cap_usd_bn,indices
A,A,Agilent Technologies,Health Care,Life Sciences Tools & Services,USD,60.0,SP500
AA,AA,Alcoa,Materials,Aluminum,USD,12.0,SP400
AAL,AAL,American Airlines Group,Industrials,Passenger Airlines,USD,12.0,SP400
AAON,AAON,AAON,Industrials,Building Products,USD,12.0,SP400
AAPL,AAPL,Apple Inc.,Information Technology,"Technology Hardware, Storage & Peripherals",USD,3400,DOW30;NASDAQ100;SP500
ABBV,ABBV,AbbVie,Health Care,Biotechnology,USD,380,SP500
ABNB,ABNB,Airbnb,Consumer Discretionary,"Hotels, Resorts & Cruise Lines",USD,60.0,NASDAQ100;SP500
ABT,ABT,Abbott Laboratories,Health Care,Health Care Equipment,USD,220,SP500
ACGL,ACGL,Arch Capital Group,Financials,Property & Casualty Insurance,USD,60.0,SP500
ACI,ACI,Albertsons,Consumer Staples,Food Retail,USD,12.0,SP400
ACM,ACM,AECOM,Industrials,Construction & Engineering,USD,12.0,SP400
ACN,ACN,Accenture,Information Technology,IT Consulting & Other Services,USD,60.0,SP500
ADBE,ADBE,Adobe Inc.,Information Technology,Application Software,USD,220,NASDAQ100;SP500
ADC,ADC,Agree Realty,Real Estate,Retail REITs,USD,12.0,SP400
ADI,ADI,Analog Devices,Information Technology,Semiconductors,USD,120,NASDAQ100;SP500
ADM,ADM,Archer Daniels Midland,Consumer Staples,Agricultural Products & Services,USD,60.0,SP500
ADP,ADP,Automatic Data Processing,Industrials,Human Resource & Employment Services,USD,60.0,NASDAQ100;SP500
ADSK,ADSK,Autodesk,Information Technology,Application Software,USD,60.0,NASDAQ100;SP500
AEE,AEE,Ameren,Utilities,Multi-Utilities,USD,60.0,SP500
AEIS,AEIS,Advanced Energy,Information Technology,Semiconductor Materials & Equipment,USD,12.0,SP400
AEP,AEP,American Electric Power,Utilities,Electric Utilities,USD,60.0,NASDAQ100;SP500
AES,AES,AES Corporation,Utilities,Independent Power Producers & Energy Traders,USD,60.0,SP500
AFG,AFG,American Financial Group,Financials,Multi-line Insurance,USD,12.0,SP400
AFL,AFL,Aflac,Financials,Life & Health Insurance,USD,60.0,SP500
AGCO,AGCO,AGCO,Industrials,Agricultural & Farm Machinery,USD,12.0,SP400
AHR,AHR,American Healthcare REIT,Real Estate,Health Care REITs,USD,12.0,SP400
AIG,AIG,American International Group,Financials,Multi-line Insurance,USD,60.0,SP500
AIT,AIT,Applied Industrial Technologies,Industrials,Trading Companies & Distributors,USD,12.0,SP400
AIZ,AIZ,Assurant,Financials,Multi-line Insurance,USD,60.0,SP500
AJG,AJG,Arthur J. Gallagher & Co.,Financials,Insurance Brokers,USD,60.0,SP500
AKAM,AKAM,Akamai Technologies,Information Technology,Internet Services & Infrastructure,USD,60.0,SP500
ALAB,ALAB,Astera Labs,Information Technology,Semiconductors,USD,25,NASDAQ100
ALB,ALB,Albemarle Corporation,Materials,Specialty Chemicals,USD,60.0,SP500
ALGM,ALGM,Allegro MicroSystems,Information Technology,Semiconductors,USD,12.0,SP400
ALGN,ALGN,Align Technology,Health Care,Health Care Supplies,USD,60.0,SP500
ALK,ALK,Alaska Air Group,Industrials,Passenger Airlines,USD,12.0,SP400
ALL,ALL,Allstate,Financials,Property & Casualty Insurance,USD,60.0,SP500
ALLE,ALLE,Allegion,Industrials,Building Products,USD,60.0,SP500
ALLY,ALLY,Ally Financial,Financials,Consumer Finance,USD,12.0,SP400
ALNY,ALNY,Alnylam Pharmaceuticals,Health Care,Biotechnology,USD,60.0,NASDAQ100
ALSN,ALSN,Allison Transmission,Industrials,Construction Machinery & Heavy Transportation Equipment,USD,12.0,SP400
ALV,ALV,Autoliv,Consumer Discretionary,Automotive Parts & Equipment,USD,12.0,SP400
AM,AM,Antero Midstream,Energy,Oil & Gas Storage & Transportation,USD,12.0,SP400
AMAT,AMAT,Applied Materials,Information Technology,Semiconductor Materials & Equipment,USD,130,NASDAQ100;SP500
AMCR,AMCR,Amcor,Materials,Paper & Plastic Packaging Products & Materials,USD,60.0,SP500
AMD,AMD,Advanced Micro Devices,Information Technology,Semiconductors,USD,260,NASDAQ100;SP500
AME,AME,Ametek,Industrials,Electrical Components & Equipment,USD,60.0,SP500
AMG,AMG,Affiliated Managers Group,Financials,Asset Management & Custody Banks,USD,12.0,SP400
AMGN,AMGN,Amgen,Health Care,Biotechnology,USD,160,DOW30;NASDAQ100;SP500
AMH,AMH,American Homes 4 Rent,Real Estate,Single-Family Residential REITs,USD,12.0,SP400
AMKR,AMKR,Amkor Technology,Information Technology,Semiconductors,USD,12.0,SP400
AMP,AMP,Ameriprise Financial,Financials,Asset Management & Custody Banks,USD,60.0,SP500
AMT,AMT,American Tower,Real Estate,Telecom Tower REITs,USD,60.0,SP500
AMZN,AMZN,Amazon,Consumer Discretionary,Broadline Retail,USD,2300,DOW30;NASDAQ100;SP500
AN,AN,AutoNation,Consumer Discretionary,Automotive Retail,USD,12.0,SP400
ANET,ANET,Arista Networks,Information Technology,Communications Equipment,USD,130,SP500
ANF,ANF,Abercrombie & Fitch,Consumer Discretionary,Apparel Retail,USD,12.0,SP400
AON,AON,Aon plc,Financials,Insurance Brokers,USD,60.0,SP500
AOS,AOS,A. O. Smith,Industrials,Building Products,USD,60.0,SP500
APA,APA,APA Corporation,Energy,Oil & Gas Exploration & Production,USD,60.0,SP500
APD,APD,Air Products,Materials,Industrial Gases,USD,60.0,SP500
APG,APG,APi Group,Industrials,Construction & Engineering,USD,12.0,SP400
APH,APH,Amphenol,Information Technology,Electronic Components,USD,120,SP500
APO,APO,Apollo Global Management,Financials,Asset Management & Custody Banks,USD,60.0,SP500
APP,APP,AppLovin,Information Technology,Application Software,USD,60.0,NASDAQ100;SP500
APPF,APPF,AppFolio,Information Technology,Application Software,USD,12.0,SP400
APTV,APTV,Aptiv,Consumer Discretionary,Automotive Parts & Equipment,USD,60.0,SP500
AR,AR,Antero Resources,Energy,Oil & Gas Exploration & Production,USD,12.0,SP400
ARE,ARE,Alexandria Real Estate Equities,Real Estate,Office REITs,USD,60.0,SP500
ARES,ARES,Ares Management,Financials,Asset Management & Custody Banks,USD,60.0,SP500
ARM,ARM,Arm Holdings,Information Technology,Semiconductors,USD,150,NASDAQ100
ARMK,ARMK,Aramark,Consumer Discretionary,Distributors,USD,12.0,SP400
ARW,ARW,Arrow Electronics,Information Technology,Technology Distributors,USD,12.0,SP400
ARWR,ARWR,Arrowhead Pharmaceuticals,Health Care,Biotechnology,USD,12.0,SP400
ASB,ASB,Associated Bank,Financials,Regional Banks,USD,12.0,SP400
ASH,ASH,Ashland Global,Materials,Diversified Chemicals,USD,12.0,SP400
ASML,ASML,ASML Holding,Information Technology,Semiconductor Materials & Equipment,USD,320,NASDAQ100
ATI,ATI,ATI Inc.,Industrials,Aerospace & Defense,USD,12.0,SP400
ATO,ATO,Atmos Energy,Utilities,Gas Utilities,USD,60.0,SP500
ATR,ATR,AptarGroup,Materials,"Metal, Glass & Plastic Containers",USD,12.0,SP400
AVAV,AVAV,AeroVironment,Industrials,Aerospace & Defense,USD,12.0,SP400
AVB,AVB,AvalonBay Communities,Real Estate,Multi-Family Residential REITs,USD,60.0,SP500
AVGO,AVGO,Broadcom,Information Technology,Semiconductors,USD,1300,NASDAQ100;SP500
AVNT,AVNT,Avient,Materials,Specialty Chemicals,USD,12.0,SP400
AVT,AVT,Avnet,Information Technology,Technology Distributors,USD,12.0,SP400
AVTR,AVTR,Avantor,Health Care,Life Sciences Tools & Services,USD,12.0,SP400
AVY,AVY,Avery Dennison,Materials,Paper & Plastic Packaging Products & Materials,USD,60.0,SP500
AWK,AWK,American Water Works,Utilities,Water Utilities,USD,60.0,SP500
AXON,AXON,Axon Enterprise,Industrials,Aerospace & Defense,USD,60.0,NASDAQ100;SP500
AXP,AXP,American Express,Financials,Consumer Finance,USD,210,DOW30;SP500
AXTA,AXTA,Axalta,Materials,Specialty Chemicals,USD,12.0,SP400
AYI,AYI,Acuity Brands,Industrials,Electrical Components & Equipment,USD,12.0,SP400
AZO,AZO,AutoZone,Consumer Discretionary,Automotive Retail,USD,60.0,SP500
BA,BA,Boeing,Industrials,Aerospace & Defense,USD,60.0,DOW30;SP500
BAC,BAC,Bank of America,Financials,Diversified Banks,USD,330,SP500
BAH,BAH,Booz Allen Hamilton,Industrials,Research & Consulting Services,USD,12.0,SP400
BALL,BALL,Ball Corporation,Materials,"Metal, Glass & Plastic Containers",USD,60.0,SP500
BAX,BAX,Baxter International,Health Care,Health Care Equipment,USD,60.0,SP500
BBWI,BBWI,"Bath & Body Works, Inc.",Consumer Discretionary,Other Specialty Retail,USD,12.0,SP400
BBY,BBY,Best Buy,Consumer Discretionary,Computer & Electronics Retail,USD,60.0,SP500
BC,BC,Brunswick,Consumer Discretionary,Leisure Products,USD,12.0,SP400
BCO,BCO,Brink's,Industrials,Security & Alarm Services,USD,12.0,SP400
BDC,BDC,Belden Inc.,Information Technology,Electronic Components,USD,12.0,SP400
BDX,BDX,Becton Dickinson,Health Care,Health Care Equipment,USD,60.0,SP500
BEN,BEN,Franklin Resources,Financials,Asset Management & Custody Banks,USD,60.0,SP500
BF-B,BF-B,Brown–Forman,Consumer Staples,Distillers & Vintners,USD,60.0,SP500
BG,BG,Bunge Global,Consumer Staples,Agricultural Products & Services,USD,60.0,SP500
BHF,BHF,Brighthouse Financial,Financials,Life & Health Insurance,USD,12.0,SP400
BIIB,BIIB,Biogen,Health Care,Biotechnology,USD,60.0,SP500
BILL,BILL,Bill Holdings,Information Technology,Application Software,USD,12.0,SP400
BIO,BIO,Bio-Rad Laboratories,Health Care,Life Sciences Tools & Services,USD,12.0,SP400
BJ,BJ,BJ's Wholesale Club,Consumer Staples,Consumer Staples Merchandise Retail,USD,12.0,SP400
BKH,BKH,Black Hills Corporation,Utilities,Multi-Utilities,USD,12.0,SP400
BKNG,BKNG,Booking Holdings,Consumer Discretionary,"Hotels, Resorts & Cruise Lines",USD,170,NASDAQ100;SP500
BKR,BKR,Baker Hughes,Energy,Oil & Gas Equipment & Services,USD,60.0,NASDAQ100;SP500
BLDR,BLDR,Builders FirstSource,Industrials,Building Products,USD,60.0,SP500
BLK,BLK,BlackRock,Financials,Asset Management & Custody Banks,USD,150,SP500
BMRN,BMRN,BioMarin Pharmaceutical,Health Care,Biotechnology,USD,12.0,SP400
BMY,BMY,Bristol Myers Squibb,Health Care,Pharmaceuticals,USD,60.0,SP500
BNY,BNY,BNY Mellon,Financials,Asset Management & Custody Banks,USD,60.0,SP500
BR,BR,Broadridge Financial Solutions,Industrials,Data Processing & Outsourced Services,USD,60.0,SP500
BRK-B,BRK-B,Berkshire Hathaway,Financials,Multi-Sector Holdings,USD,1050,SP500
BRKR,BRKR,Bruker,Health Care,Health Care Equipment,USD,12.0,SP400
BRO,BRO,Brown & Brown,Financials,Insurance Brokers,USD,60.0,SP500
BROS,BROS,Dutch Bros Inc.,Consumer Discretionary,Restaurants,USD,12.0,SP400
BRX,BRX,Brixmor Property Group,Real Estate,Retail REITs,USD,12.0,SP400
BSX,BSX,Boston Scientific,Health Care,Health Care Equipment,USD,140,SP500
BSY,BSY,Bentley Systems,Information Technology,Application Software,USD,12.0,SP400
BTSG,BTSG,BrightSpring Health Services,Health Care,Health Care Services,USD,12.0,SP400
BURL,BURL,Burlington Stores,Consumer Discretionary,Apparel Retail,USD,12.0,SP400
BWA,BWA,BorgWarner,Consumer Discretionary,Automotive Parts & Equipment,USD,12.0,SP400
BWXT,BWXT,BWX Technologies,Industrials,Aerospace & Defense,USD,12.0,SP400
BX,BX,Blackstone Inc.,Financials,Asset Management & Custody Banks,USD,60.0,SP500
BXP,BXP,"BXP, Inc.",Real Estate,Office REITs,USD,60.0,SP500
BYD,BYD,Boyd Gaming,Consumer Discretionary,Casinos & Gaming,USD,12.0,SP400
C,C,Citigroup,Financials,Diversified Banks,USD,160,SP500
CACI,CACI,CACI International,Industrials,Diversified Support Services,USD,12.0,SP400
CAH,CAH,Cardinal Health,Health Care,Health Care Distributors,USD,60.0,SP500
CAR,CAR,Avis Budget Group,Industrials,Passenger Ground Transportation,USD,12.0,SP400
CARR,CARR,Carrier Global,Industrials,Building Products,USD,60.0,SP500
CART,CART,Maplebear Inc.,Consumer Staples,Food Retail,USD,12.0,SP400
CASY,CASY,Casey's,Consumer Staples,Food Retail,USD,60.0,SP500
CAT,CAT,Caterpillar Inc.,Industrials,Construction Machinery & Heavy Transportation Equipment,USD,190,DOW30;SP500
CAVA,CAVA,Cava Group,Consumer Discretionary,Restaurants,USD,12.0,SP400
CB,CB,Chubb Limited,Financials,Property & Casualty Insurance,USD,115,SP500
CBOE,CBOE,Cboe Global Markets,Financials,Financial Exchanges & Data,USD,60.0,SP500
CBRE,CBRE,CBRE Group,Real Estate,Real Estate Services,USD,60.0,SP500
CBSH,CBSH,Commerce Bancshares,Financials,Regional Banks,USD,12.0,SP400
CBT,CBT,Cabot Corp,Materials,Diversified Chemicals,USD,12.0,SP400
CCEP,CCEP,Coca-Cola Europacific Partners,Consumer Staples,Soft Drinks & Non-alcoholic Beverages,USD,45,NASDAQ100
CCI,CCI,Crown Castle,Real Estate,Telecom Tower REITs,USD,60.0,SP500
CCK,CCK,Crown Holdings,Materials,Paper & Plastic Packaging Products & Materials,USD,12.0,SP400
CCL,CCL,Carnival Corporation,Consumer Discretionary,"Hotels, Resorts & Cruise Lines",USD,60.0,SP500
CDE,CDE,Coeur Mining,Materials,Gold,USD,12.0,SP400
CDNS,CDNS,Cadence Design Systems,Information Technology,Application Software,USD,60.0,NASDAQ100;SP500
CDP,CDP,COPT Defense Properties,Real Estate,Office REITs,USD,12.0,SP400
CDW,CDW,CDW Corporation,Information Technology,Technology Distributors,USD,60.0,SP500
CEG,CEG,Constellation Energy,Utilities,Electric Utilities,USD,60.0,NASDAQ100;SP500
CELH,CELH,Celsius Holdings,Consumer Staples,Soft Drinks & Non-alcoholic Beverages,USD,12.0,SP400
CF,CF,CF Industries,Materials,Fertilizers & Agricultural Chemicals,USD,60.0,SP500
CFG,CFG,Citizens Financial Group,Financials,Regional Banks,USD,60.0,SP500
CFR,CFR,Frost Bank,Financials,Regional Banks,USD,12.0,SP400
CG,CG,Carlyle Group (The),Financials,Asset Management & Custody Banks,USD,12.0,SP400
CGNX,CGNX,Cognex,Information Technology,Electronic Equipment & Instruments,USD,12.0,SP400
CHD,CHD,Church & Dwight,Consumer Staples,Household Products,USD,60.0,SP500
CHDN,CHDN,Churchill Downs Inc.,Consumer Discretionary,Casinos & Gaming,USD,12.0,SP400
CHE,CHE,Chemed Corp.,Health Care,Health Care Services,USD,12.0,SP400
CHH,CHH,Choice Hotels,Consumer Discretionary,"Hotels, Resorts & Cruise Lines",USD,12.0,SP400
CHRD,CHRD,Chord Energy,Energy,Oil & Gas Exploration & Production,USD,12.0,SP400
CHRW,CHRW,C.H. Robinson,Industrials,Air Freight & Logistics,USD,60.0,SP500
CHTR,CHTR,Charter Communications,Communication Services,Cable & Satellite,USD,60.0,SP500
CHWY,CHWY,Chewy,Consumer Discretionary,Other Specialty Retail,USD,12.0,SP400
CI,CI,Cigna,Health Care,Health Care Services,USD,90,SP500
CIEN,CIEN,Ciena,Information Technology,Communications Equipment,USD,60.0,SP500
CINF,CINF,Cincinnati Financial,Financials,Property & Casualty Insurance,USD,60.0,SP500
CL,CL,Colgate-Palmolive,Consumer Staples,Household Products,USD,60.0,SP500
CLF,CLF,Cleveland-Cliffs,Materials,Steel,USD,12.0,SP400
CLH,CLH,Clean Harbors,Industrials,Environmental & Facilities Services,USD,12.0,SP400
CLX,CLX,Clorox,Consumer Staples,Household Products,USD,60.0,SP500
CMC,CMC,Commercial Metals,Materials,Steel,USD,12.0,SP400
CMCSA,CMCSA,Comcast,Communication Services,Cable & Satellite,USD,150,NASDAQ100;SP500
CME,CME,CME Group,Financials,Financial Exchanges & Data,USD,60.0,SP500
CMG,CMG,Chipotle Mexican Grill,Consumer Discretionary,Restaurants,USD,60.0,SP500
CMI,CMI,Cummins,Industrials,Construction Machinery & Heavy Transportation Equipment,USD,60.0,SP500
CMS,CMS,CMS Energy,Utilities,Multi-Utilities,USD,60.0,SP500
CNC,CNC,Centene Corporation,Health Care,Managed Health Care,USD,60.0,SP500
CNH,CNH,CNH Industrial,Industrials,Agricultural & Farm Machinery,USD,12.0,SP400
CNM,CNM,Core & Main,Industrials,Trading Companies & Distributors,USD,12.0,SP400
CNO,CNO,CNO Financial Group,Financials,Life & Health Insurance,USD,12.0,SP400
CNP,CNP,CenterPoint Energy,Utilities,Multi-Utilities,USD,60.0,SP500
CNX,CNX,CNX Resources,Energy,Oil & Gas Exploration & Production,USD,12.0,SP400
COF,COF,Capital One,Financials,Consumer Finance,USD,60.0,SP500
COHR,COHR,Coherent Corp.,Information Technology,Electronic Components,USD,60.0,SP500
COIN,COIN,Coinbase,Financials,Financial Exchanges & Data,USD,60.0,SP500
COKE,COKE,Coca-Cola Consolidated,Consumer Staples,Soft Drinks & Non-alcoholic Beverages,USD,12.0,SP400
COLB,COLB,Columbia Banking System,Financials,Regional Banks,USD,12.0,SP400
COLM,COLM,Columbia Sportswear,Consumer Discretionary,"Apparel, Accessories & Luxury Goods",USD,12.0,SP400
COO,COO,Cooper Companies (The),Health Care,Health Care Supplies,USD,60.0,SP500
COP,COP,ConocoPhillips,Energy,Oil & Gas Exploration & Production,USD,140,SP500
COR,COR,Cencora,Health Care,Health Care Distributors,USD,60.0,SP500
COST,COST,Costco,Consumer Staples,Consumer Staples Merchandise Retail,USD,450,NASDAQ100;SP500
CPAY,CPAY,Corpay,Financials,Transaction & Payment Processing Services,USD,60.0,SP500
CPRI,CPRI,Capri Holdings,Consumer Discretionary,"Apparel, Accessories & Luxury Goods",USD,12.0,SP400
CPRT,CPRT,Copart,Industrials,Diversified Support Services,USD,60.0,NASDAQ100;SP500
CPT,CPT,Camden Property Trust,Real Estate,Multi-Family Residential REITs,USD,60.0,SP500
CR,CR,Crane,Industrials,Industrial Machinery & Supplies & Components,USD,12.0,SP400
CRBG,CRBG,Corebridge Financial,Financials,Asset Management & Custody Banks,USD,12.0,SP400
CRH,CRH,CRH plc,Materials,Construction Materials,USD,60.0,SP500
CRL,CRL,Charles River Laboratories,Health Care,Life Sciences Tools & Services,USD,60.0,SP500
CRM,CRM,Salesforce,Information Technology,Application Software,USD,290,DOW30;SP500
CROX,CROX,Crocs,Consumer Discretionary,Footwear,USD,12.0,SP400
CRS,CRS,Carpenter Technology,Industrials,Industrial Machinery & Supplies & Components,USD,12.0,SP400
CRUS,CRUS,Cirrus Logic,Information Technology,Semiconductors,USD,12.0,SP400
CRWD,CRWD,CrowdStrike,Information Technology,Systems Software,USD,60.0,NASDAQ100;SP500
CRWV,CRWV,CoreWeave,Information Technology,Internet Services & Infrastructure,USD,45,NASDAQ100
CSCO,CSCO,Cisco,Information Technology,Communications Equipment,USD,60.0,DOW30;NASDAQ100;SP500
CSGP,CSGP,CoStar Group,Real Estate,Real Estate Services,USD,60.0,SP500
CSL,CSL,Carlisle Companies,Industrials,Industrial Conglomerates,USD,12.0,SP400
CSX,CSX,CSX Corporation,Industrials,Rail Transportation,USD,60.0,NASDAQ100;SP500
CTAS,CTAS,Cintas,Industrials,Diversified Support Services,USD,60.0,NASDAQ100;SP500
CTRE,CTRE,CareTrust REIT,Real Estate,Health Care REITs,USD,12.0,SP400
CTSH,CTSH,Cognizant,Information Technology,IT Consulting & Other Services,USD,60.0,SP500
CTVA,CTVA,Corteva,Materials,Fertilizers & Agricultural Chemicals,USD,60.0,SP500
CUBE,CUBE,CubeSmart,Real Estate,Industrial REITs,USD,12.0,SP400
CUZ,CUZ,Cousins Properties,Real Estate,Office REITs,USD,12.0,SP400
CVLT,CVLT,CommVault Systems,Information Technology,Systems Software,USD,12.0,SP400
CVNA,CVNA,Carvana,Consumer Discretionary,Automotive Retail,USD,60.0,SP500
CVS,CVS,CVS Health,Health Care,Health Care Services,USD,90,SP500
CVX,CVX,Chevron Corporation,Energy,Integrated Oil & Gas,USD,290,DOW30;SP500
CW,CW,Curtiss-Wright,Industrials,Aerospace & Defense,USD,12.0,SP400
CXT,CXT,Crane NXT,Information Technology,Electronic Equipment & Instruments,USD,12.0,SP400
CYTK,CYTK,Cytokinetics,Health Care,Biotechnology,USD,12.0,SP400
D,D,Dominion Energy,Utilities,Multi-Utilities,USD,60.0,SP500
DAL,DAL,Delta Air Lines,Industrials,Passenger Airlines,USD,60.0,SP500
DAR,DAR,Darling Ingredients,Consumer Staples,Agricultural Products & Services,USD,12.0,SP400
DASH,DASH,DoorDash,Consumer Discretionary,Specialized Consumer Services,USD,60.0,NASDAQ100;SP500
DBX,DBX,Dropbox,Information Technology,Application Software,USD,12.0,SP400
DCI,DCI,Donaldson Company,Industrials,Industrial Machinery & Supplies & Components,USD,12.0,SP400
DD,DD,DuPont,Materials,Specialty Chemicals,USD,60.0,SP500
DDOG,DDOG,Datadog,Information Technology,Application Software,USD,60.0,NASDAQ100;SP500
DE,DE,Deere & Company,Industrials,Agricultural & Farm Machinery,USD,130,SP500
DECK,DECK,Deckers Brands,Consumer Discretionary,Footwear,USD,60.0,SP500
DELL,DELL,Dell Technologies,Information Technology,"Technology Hardware, Storage & Peripherals",USD,60.0,SP500
DG,DG,Dollar General,Consumer Staples,Consumer Staples Merchandise Retail,USD,60.0,SP500
DGX,DGX,Quest Diagnostics,Health Care,Health Care Services,USD,60.0,SP500
DHI,DHI,D. R. Horton,Consumer Discretionary,Homebuilding,USD,60.0,SP500
DHR,DHR,Danaher Corporation,Health Care,Life Sciences Tools & Services,USD,170,SP500
DINO,DINO,HF Sinclair,Energy,Oil & Gas Refining & Marketing,USD,12.0,SP400
DIS,DIS,Walt Disney Company (The),Communication Services,Movies & Entertainment,USD,210,DOW30;SP500
DKS,DKS,Dick's Sporting Goods,Consumer Discretionary,Specialty Stores,USD,12.0,SP400
DLB,DLB,Dolby,Information Technology,Application Software,USD,12.0,SP400
DLR,DLR,Digital Realty,Real Estate,Data Center REITs,USD,60.0,SP500
DLTR,DLTR,Dollar Tree,Consumer Staples,Consumer Staples Merchandise Retail,USD,60.0,SP500
DOC,DOC,Healthpeak Properties,Real Estate,Health Care REITs,USD,60.0,SP500
DOCN,DOCN,DigitalOcean,Information Technology,Internet Services & Infrastructure,USD,12.0,SP400
DOCS,DOCS,Doximity,Health Care,Health Care Technology,USD,12.0,SP400
DOCU,DOCU,Docusign,Information Technology,Application Software,USD,12.0,SP400
DOV,DOV,Dover Corporation,Industrials,Industrial Machinery & Supplies & Components,USD,60.0,SP500
DOW,DOW,Dow Inc.,Materials,Commodity Chemicals,USD,60.0,SP500
DPZ,DPZ,Domino's,Consumer Discretionary,Restaurants,USD,60.0,SP500
DRI,DRI,Darden Restaurants,Consumer Discretionary,Restaurants,USD,60.0,SP500
DT,DT,Dynatrace,Information Technology,Application Software,USD,12.0,SP400
DTE,DTE,DTE Energy,Utilities,Multi-Utilities,USD,60.0,SP500
DTM,DTM,DT Midstream,Energy,Oil & Gas Storage & Transportation,USD,12.0,SP400
DUK,DUK,Duke Energy,Utilities,Electric Utilities,USD,60.0,SP500
DUOL,DUOL,Duolingo,Consumer Discretionary,Education Services,USD,12.0,SP400
DVA,DVA,DaVita,Health Care,Health Care Services,USD,60.0,SP500
DVN,DVN,Devon Energy,Energy,Oil & Gas Exploration & Production,USD,60.0,SP500
DXCM,DXCM,Dexcom,Health Care,Health Care Equipment,USD,60.0,NASDAQ100;SP500
DY,DY,Dycom Industries,Industrials,Construction & Engineering,USD,12.0,SP400
EA,EA,Electronic Arts,Communication Services,Interactive Home Entertainment,USD,60.0,NASDAQ100;SP500
EBAY,EBAY,eBay Inc.,Consumer Discretionary,Broadline Retail,USD,60.0,SP500
ECHO,ECHO,EchoStar,Communication Services,Wireless Telecommunication Services,USD,60.0,SP500
ECL,ECL,Ecolab,Materials,Specialty Chemicals,USD,60.0,SP500
ED,ED,Consolidated Edison,Utilities,Multi-Utilities,USD,60.0,SP500
EEFT,EEFT,Euronet Worldwide,Financials,Transaction & Payment Processing Services,USD,12.0,SP400
EFX,EFX,Equifax,Industrials,Research & Consulting Services,USD,60.0,SP500
EG,EG,Everest Group,Financials,Reinsurance,USD,60.0,SP500
EGP,EGP,EastGroup Properties,Real Estate,Industrial REITs,USD,12.0,SP400
EHC,EHC,Encompass Health,Health Care,Health Care Facilities,USD,12.0,SP400
EIX,EIX,Edison International,Utilities,Electric Utilities,USD,60.0,SP500
EL,EL,Estée Lauder Companies (The),Consumer Staples,Personal Care Products,USD,60.0,SP500
ELAN,ELAN,Elanco,Health Care,Pharmaceuticals,USD,12.0,SP400
ELF,ELF,e.l.f. Beauty,Consumer Staples,Personal Care Products,USD,12.0,SP400
ELS,ELS,Equity Lifestyle Properties,Real Estate,Single-Family Residential REITs,USD,12.0,SP400
ELV,ELV,Elevance Health,Health Care,Managed Health Care,USD,100,SP500
EME,EME,Emcor,Industrials,Construction & Engineering,USD,60.0,SP500
EMR,EMR,Emerson Electric,Industrials,Electrical Components & Equipment,USD,60.0,SP500
ENS,ENS,EnerSys,Industrials,Electrical Components & Equipment,USD,12.0,SP400
ENSG,ENSG,Ensign Group,Health Care,Health Care Facilities,USD,12.0,SP400
ENTG,ENTG,Entegris,Information Technology,Semiconductor Materials & Equipment,USD,12.0,SP400
EOG,EOG,EOG Resources,Energy,Oil & Gas Exploration & Production,USD,75,SP500
EPR,EPR,EPR Properties,Real Estate,Other Specialized REITs,USD,12.0,SP400
EQH,EQH,Equitable Holdings,Financials,Diversified Financial Services,USD,12.0,SP400
EQIX,EQIX,Equinix,Real Estate,Data Center REITs,USD,60.0,SP500
EQR,EQR,Equity Residential,Real Estate,Multi-Family Residential REITs,USD,60.0,SP500
EQT,EQT,EQT Corporation,Energy,Oil & Gas Exploration & Production,USD,60.0,SP500
ERIE,ERIE,Erie Indemnity,Financials,Insurance Brokers,USD,60.0,SP500
ES,ES,Eversource Energy,Utilities,Electric Utilities,USD,60.0,SP500
ESAB,ESAB,ESAB,Industrials,Industrial Machinery & Supplies & Components,USD,12.0,SP400
ESNT,ESNT,Essent Group Ltd.,Financials,Commercial & Residential Mortgage Finance,USD,12.0,SP400
ESS,ESS,Essex Property Trust,Real Estate,Multi-Family Residential REITs,USD,60.0,SP500
ETN,ETN,Eaton Corporation,Industrials,Electrical Components & Equipment,USD,60.0,SP500
ETR,ETR,Entergy,Utilities,Electric Utilities,USD,60.0,SP500
EVR,EVR,Evercore,Financials,Investment Banking & Brokerage,USD,12.0,SP400
EVRG,EVRG,Evergy,Utilities,Electric Utilities,USD,60.0,SP500
EW,EW,Edwards Lifesciences,Health Care,Health Care Equipment,USD,60.0,SP500
EWBC,EWBC,East West Bancorp,Financials,Regional Banks,USD,12.0,SP400
EXC,EXC,Exelon,Utilities,Electric Utilities,USD,60.0,NASDAQ100;SP500
EXE,EXE,Expand Energy,Energy,Oil & Gas Exploration & Production,USD,60.0,SP500
EXEL,EXEL,Exelixis,Health Care,Biotechnology,USD,12.0,SP400
EXLS,EXLS,EXL Service,Industrials,Data Processing & Outsourced Services,USD,12.0,SP400
EXP,EXP,Eagle Materials,Materials,Construction Materials,USD,12.0,SP400
EXPD,EXPD,Expeditors International,Industrials,Air Freight & Logistics,USD,60.0,SP500
EXPE,EXPE,Expedia Group,Consumer Discretionary,"Hotels, Resorts & Cruise Lines",USD,60.0,SP500
EXPO,EXPO,"Exponent, Inc.",Industrials,Research & Consulting Services,USD,12.0,SP400
EXR,EXR,Extra Space Storage,Real Estate,Self-Storage REITs,USD,60.0,SP500
F,F,Ford Motor Company,Consumer Discretionary,Automobile Manufacturers,USD,45,SP500
FAF,FAF,First American Financial Corporation,Financials,Property & Casualty Insurance,USD,12.0,SP400
FANG,FANG,Diamondback Energy,Energy,Oil & Gas Exploration & Production,USD,60.0,NASDAQ100;SP500
FAST,FAST,Fastenal,Industrials,Trading Companies & Distributors,USD,60.0,NASDAQ100;SP500
FBIN,FBIN,Fortune Brands Innovations,Industrials,Building Products,USD,12.0,SP400
FCFS,FCFS,FirstCash,Financials,Consumer Finance,USD,12.0,SP400
FCN,FCN,FTI Consulting,Industrials,Research & Consulting Services,USD,12.0,SP400
FCX,FCX,Freeport-McMoRan,Materials,Copper,USD,60.0,SP500
FDS,FDS,FactSet,Financials,Financial Exchanges & Data,USD,60.0,SP500
FDX,FDX,FedEx,Industrials,Air Freight & Logistics,USD,60.0,SP500
FE,FE,FirstEnergy,Utilities,Electric Utilities,USD,60.0,SP500
FER,FER,Ferrovial,Industrials,Construction & Engineering,USD,30,NASDAQ100
FFIN,FFIN,First Financial Bankshares,Financials,Regional Banks,USD,12.0,SP400
FFIV,FFIV,"F5, Inc.",Information Technology,Communications Equipment,USD,60.0,SP500
FHI,FHI,Federated Hermes,Financials,Asset Management & Custody Banks,USD,12.0,SP400
FHN,FHN,First Horizon,Financials,Regional Banks,USD,12.0,SP400
FICO,FICO,Fair Isaac,Information Technology,Application Software,USD,60.0,SP500
FIS,FIS,Fidelity National Information Services,Financials,Transaction & Payment Processing Services,USD,60.0,SP500
FITB,FITB,Fifth Third Bancorp,Financials,Regional Banks,USD,60.0,SP500
FIVE,FIVE,Five Below,Consumer Discretionary,Specialty Stores,USD,12.0,SP400
FIX,FIX,Comfort Systems USA,Industrials,Construction & Engineering,USD,60.0,SP500
FLEX,FLEX,Flex Ltd.,Information Technology,Electronic Manufacturing Services,USD,60.0,SP500
FLG,FLG,Flagstar Bank,Financials,Regional Banks,USD,12.0,SP400
FLR,FLR,Fluor,Industrials,Construction & Engineering,USD,12.0,SP400
FLS,FLS,Flowserve,Industrials,Industrial Machinery & Supplies & Components,USD,12.0,SP400
FN,FN,Fabrinet,Information Technology,Electronic Manufacturing Services,USD,12.0,SP400
FNB,FNB,FNB Corporation,Financials,Regional Banks,USD,12.0,SP400
FND,FND,Floor & Decor,Consumer Discretionary,Home Improvement Retail,USD,12.0,SP400
FNF,FNF,Fidelity National Financial,Financials,Property & Casualty Insurance,USD,12.0,SP400
FOUR,FOUR,Shift4,Financials,Transaction & Payment Processing Services,USD,12.0,SP400
FOX,FOX,Fox Corporation (Class B),Communication Services,Broadcasting,USD,60.0,SP500
FOXA,FOXA,Fox Corporation (Class A),Communication Services,Broadcasting,USD,60.0,SP500
FR,FR,First Industrial Realty Trust,Real Estate,Industrial REITs,USD,12.0,SP400
FRT,FRT,Federal Realty Investment Trust,Real Estate,Retail REITs,USD,60.0,SP500
FSLR,FSLR,First Solar,Information Technology,Semiconductors,USD,60.0,SP500
FTI,FTI,TechnipFMC,Energy,Oil & Gas Equipment & Services,USD,12.0,SP400
FTNT,FTNT,Fortinet,Information Technology,Systems Software,USD,60.0,NASDAQ100;SP500
FTV,FTV,Fortive,Industrials,Industrial Machinery & Supplies & Components,USD,60.0,SP500
G,G,Genpact,Industrials,Data Processing & Outsourced Services,USD,12.0,SP400
GAP,GAP,Gap Inc.,Consumer Discretionary,Apparel Retail,USD,12.0,SP400
GATX,GATX,GATX,Industrials,Construction Machinery & Heavy Transportation Equipment,USD,12.0,SP400
GBCI,GBCI,Glacier Bancorp,Financials,Regional Banks,USD,12.0,SP400
GD,GD,General Dynamics,Industrials,Aerospace & Defense,USD,85,SP500
GDDY,GDDY,GoDaddy,Information Technology,Internet Services & Infrastructure,USD,60.0,SP500
GE,GE,GE Aerospace,Industrials,Aerospace & Defense,USD,260,SP500
GEF,GEF,"Greif, Inc.",Materials,"Metal, Glass & Plastic Containers",USD,12.0,SP400
GEHC,GEHC,GE HealthCare,Health Care,Health Care Equipment,USD,60.0,NASDAQ100;SP500
GEN,GEN,Gen Digital,Information Technology,Systems Software,USD,60.0,SP500
GEV,GEV,GE Vernova,Industrials,Heavy Electrical Equipment,USD,130,SP500
GGG,GGG,Graco Inc.,Industrials,Industrial Machinery & Supplies & Components,USD,12.0,SP400
GHC,GHC,Graham Holdings,Consumer Discretionary,Education Services,USD,12.0,SP400
GILD,GILD,Gilead Sciences,Health Care,Biotechnology,USD,130,NASDAQ100;SP500
GIS,GIS,General Mills,Consumer Staples,Packaged Foods & Meats,USD,60.0,SP500
GL,GL,Globe Life,Financials,Life & Health Insurance,USD,60.0,SP500
GLPI,GLPI,Gaming and Leisure Properties,Real Estate,Other Specialized REITs,USD,12.0,SP400
GLW,GLW,Corning Inc.,Information Technology,Electronic Components,USD,60.0,SP500
GM,GM,General Motors,Consumer Discretionary,Automobile Manufacturers,USD,55,SP500
GME,GME,GameStop,Consumer Discretionary,Computer & Electronics Retail,USD,12.0,SP400
GMED,GMED,Globus Medical,Health Care,Health Care Equipment,USD,12.0,SP400
GNRC,GNRC,Generac,Industrials,Electrical Components & Equipment,USD,60.0,SP500
GNTX,GNTX,Gentex,Consumer Discretionary,Automotive Parts & Equipment,USD,12.0,SP400
GOOG,GOOG,Alphabet Inc. (Class C),Communication Services,Interactive Media & Services,USD,2400,NASDAQ100;SP500
GOOGL,GOOGL,Alphabet Inc. (Class A),Communication Services,Interactive Media & Services,USD,2400,DOW30;NASDAQ100;SP500
GPC,GPC,Genuine Parts Company,Consumer Discretionary,Distributors,USD,60.0,SP500
GPK,GPK,Graphic Packaging,Materials,Paper & Plastic Packaging Products & Materials,USD,12.0,SP400
GPN,GPN,Global Payments,Financials,Transaction & Payment Processing Services,USD,60.0,SP500
GRMN,GRMN,Garmin,Consumer Discretionary,Consumer Electronics,USD,60.0,SP500
GS,GS,Goldman Sachs,Financials,Investment Banking & Brokerage,USD,220,DOW30;SP500
GWRE,GWRE,Guidewire Software,Information Technology,Application Software,USD,12.0,SP400
GWW,GWW,W. W. Grainger,Industrials,Industrial Machinery & Supplies & Components,USD,60.0,SP500
GXO,GXO,GXO Logistics,Industrials,Air Freight & Logistics,USD,12.0,SP400
H,H,Hyatt,Consumer Discretionary,"Hotels, Resorts & Cruise Lines",USD,12.0,SP400
HAE,HAE,Haemonetics,Health Care,Health Care Supplies,USD,12.0,SP400
HAL,HAL,Halliburton,Energy,Oil & Gas Equipment & Services,USD,60.0,SP500
HALO,HALO,Halozyme,Health Care,Biotechnology,USD,12.0,SP400
HAS,HAS,Hasbro,Consumer Discretionary,Leisure Products,USD,60.0,SP500
HBAN,HBAN,Huntington Bancshares,Financials,Regional Banks,USD,60.0,SP500
HCA,HCA,HCA Healthcare,Health Care,Health Care Facilities,USD,60.0,SP500
HD,HD,Home Depot (The),Consumer Discretionary,Home Improvement Retail,USD,400,DOW30;SP500
HGV,HGV,Hilton Grand Vacations,Consumer Discretionary,"Hotels, Resorts & Cruise Lines",USD,12.0,SP400
HIG,HIG,Hartford (The),Financials,Property & Casualty Insurance,USD,60.0,SP500
HII,HII,Huntington Ingalls Industries,Industrials,Aerospace & Defense,USD,60.0,SP500
HIMS,HIMS,Hims & Hers Health,Health Care,Health Care Services,USD,12.0,SP400
HL,HL,Hecla Mining,Materials,Silver,USD,12.0,SP400
HLI,HLI,Houlihan Lokey,Financials,Investment Banking & Brokerage,USD,12.0,SP400
HLNE,HLNE,Hamilton Lane,Financials,Asset Management & Custody Banks,USD,12.0,SP400
HLT,HLT,Hilton Worldwide,Consumer Discretionary,"Hotels, Resorts & Cruise Lines",USD,60.0,SP500
HOG,HOG,Harley-Davidson,Consumer Discretionary,Motorcycle Manufacturers,USD,12.0,SP400
HOMB,HOMB,Home BancShares,Financials,Regional Banks,USD,12.0,SP400
HON,HON,Honeywell,Industrials,Industrial Conglomerates,USD,140,DOW30;NASDAQ100;SP500
HOOD,HOOD,Robinhood Markets,Financials,Investment Banking & Brokerage,USD,60.0,SP500
HPE,HPE,Hewlett Packard Enterprise,Information Technology,"Technology Hardware, Storage & Peripherals",USD,60.0,SP500
HPQ,HPQ,HP Inc.,Information Technology,"Technology Hardware, Storage & Peripherals",USD,60.0,SP500
HQY,HQY,HealthEquity,Health Care,Managed Health Care,USD,12.0,SP400
HR,HR,Healthcare Realty Trust,Real Estate,Health Care REITs,USD,12.0,SP400
HRB,HRB,H&R Block,Consumer Discretionary,Specialized Consumer Services,USD,12.0,SP400
HRL,HRL,Hormel Foods,Consumer Staples,Packaged Foods & Meats,USD,60.0,SP500
HSIC,HSIC,Henry Schein,Health Care,Health Care Distributors,USD,60.0,SP500
HST,HST,Host Hotels & Resorts,Real Estate,Hotel & Resort REITs,USD,60.0,SP500
HSY,HSY,Hershey Company (The),Consumer Staples,Packaged Foods & Meats,USD,60.0,SP500
HUBB,HUBB,Hubbell Incorporated,Industrials,Industrial Machinery & Supplies & Components,USD,60.0,SP500
HUM,HUM,Humana,Health Care,Managed Health Care,USD,60.0,SP500
HWC,HWC,Hancock Whitney,Financials,Regional Banks,USD,12.0,SP400
HWM,HWM,Howmet Aerospace,Industrials,Aerospace & Defense,USD,60.0,SP500
HXL,HXL,Hexcel,Industrials,Aerospace & Defense,USD,12.0,SP400
IBKR,IBKR,Interactive Brokers,Financials,Investment Banking & Brokerage,USD,60.0,SP500
IBM,IBM,IBM,Information Technology,IT Consulting & Other Services,USD,230,DOW30;SP500
IBOC,IBOC,Intl Bancshares Corp,Financials,Regional Banks,USD,12.0,SP400
ICE,ICE,Intercontinental Exchange,Financials,Financial Exchanges & Data,USD,60.0,SP500
IDA,IDA,Idacorp,Utilities,Electric Utilities,USD,12.0,SP400
IDCC,IDCC,InterDigital,Information Technology,Communications Equipment,USD,12.0,SP400
IDXX,IDXX,Idexx Laboratories,Health Care,Health Care Equipment,USD,60.0,NASDAQ100;SP500
IESC,IESC,IES Holdings,Industrials,Construction & Engineering,USD,12.0,SP400
IEX,IEX,IDEX Corporation,Industrials,Industrial Machinery & Supplies & Components,USD,60.0,SP500
IFF,IFF,International Flavors & Fragrances,Materials,Specialty Chemicals,USD,60.0,SP500
ILMN,ILMN,"Illumina, Inc.",Health Care,Life Sciences Tools & Services,USD,12.0,SP400
INCY,INCY,Incyte,Health Care,Biotechnology,USD,60.0,SP500
INGR,INGR,Ingredion,Consumer Staples,Agricultural Products & Services,USD,12.0,SP400
INTC,INTC,Intel,Information Technology,Semiconductors,USD,110,NASDAQ100;SP500
INTU,INTU,Intuit,Information Technology,Application Software,USD,170,NASDAQ100;SP500
INVH,INVH,Invitation Homes,Real Estate,Single-Family Residential REITs,USD,60.0,SP500
IP,IP,International Paper,Materials,Paper & Plastic Packaging Products & Materials,USD,60.0,SP500
IPGP,IPGP,IPG Photonics,Information Technology,Electronic Manufacturing Services,USD,12.0,SP400
IQV,IQV,IQVIA,Health Care,Life Sciences Tools & Services,USD,60.0,SP500
IR,IR,Ingersoll Rand,Industrials,Industrial Machinery & Supplies & Components,USD,60.0,SP500
IRM,IRM,Iron Mountain,Real Estate,Other Specialized REITs,USD,60.0,SP500
IRT,IRT,Independence Realty Trust,Real Estate,Multi-Family Residential REITs,USD,12.0,SP400
ISRG,ISRG,Intuitive Surgical,Health Care,Health Care Equipment,USD,190,NASDAQ100;SP500
IT,IT,Gartner,Information Technology,IT Consulting & Other Services,USD,60.0,SP500
ITT,ITT,ITT Inc.,Industrials,Industrial Machinery & Supplies & Components,USD,12.0,SP400
ITW,ITW,Illinois Tool Works,Industrials,Industrial Machinery & Supplies & Components,USD,60.0,SP500
IVZ,IVZ,Invesco,Financials,Asset Management & Custody Banks,USD,60.0,SP500
J,J,Jacobs Solutions,Industrials,Construction & Engineering,USD,60.0,SP500
JAZZ,JAZZ,Jazz Pharmaceuticals,Health Care,Pharmaceuticals,USD,12.0,SP400
JBHT,JBHT,J.B. Hunt,Industrials,Cargo Ground Transportation,USD,60.0,SP500
JBL,JBL,Jabil,Information Technology,Electronic Manufacturing Services,USD,60.0,SP500
JCI,JCI,Johnson Controls,Industrials,Building Products,USD,60.0,SP500
JEF,JEF,Jefferies,Financials,Multi-Sector Holdings,USD,12.0,SP400
JKHY,JKHY,Jack Henry & Associates,Financials,Transaction & Payment Processing Services,USD,60.0,SP500
JLL,JLL,Jones Lang LaSalle,Real Estate,Real Estate Services,USD,12.0,SP400
JNJ,JNJ,Johnson & Johnson,Health Care,Pharmaceuticals,USD,400,DOW30;SP500
JPM,JPM,JPMorgan Chase,Financials,Diversified Banks,USD,700,DOW30;SP500
KBH,KBH,KB Home,Consumer Discretionary,Homebuilding,USD,12.0,SP400
KBR,KBR,"KBR, Inc.",Industrials,Diversified Support Services,USD,12.0,SP400
KD,KD,Kyndryl,Information Technology,IT Consulting & Other Services,USD,12.0,SP400
KDP,KDP,Keurig Dr Pepper,Consumer Staples,Soft Drinks & Non-alcoholic Beverages,USD,60.0,NASDAQ100;SP500
KEX,KEX,Kirby Corporation,Industrials,Marine Transportation,USD,12.0,SP400
KEY,KEY,KeyCorp,Financials,Regional Banks,USD,60.0,SP500
KEYS,KEYS,Keysight Technologies,Information Technology,Electronic Equipment & Instruments,USD,60.0,SP500
KHC,KHC,Kraft Heinz,Consumer Staples,Packaged Foods & Meats,USD,60.0,NASDAQ100;SP500
KIM,KIM,Kimco Realty,Real Estate,Retail REITs,USD,60.0,SP500
KKR,KKR,KKR & Co.,Financials,Asset Management & Custody Banks,USD,60.0,SP500
KLAC,KLAC,KLA Corporation,Information Technology,Semiconductor Materials & Equipment,USD,150,NASDAQ100;SP500
KMB,KMB,Kimberly-Clark,Consumer Staples,Household Products,USD,60.0,SP500
KMI,KMI,Kinder Morgan,Energy,Oil & Gas Storage & Transportation,USD,60.0,SP500
KNF,KNF,Knife River Corporation,Materials,Construction Materials,USD,12.0,SP400
KNSL,KNSL,Kinsale Capital Group,Financials,Property & Casualty Insurance,USD,12.0,SP400
KNX,KNX,Knight-Swift,Industrials,Cargo Ground Transportation,USD,12.0,SP400
KO,KO,Coca-Cola Company (The),Consumer Staples,Soft Drinks & Non-alcoholic Beverages,USD,300,DOW30;SP500
KR,KR,Kroger,Consumer Staples,Food Retail,USD,60.0,SP500
KRC,KRC,Kilroy Realty Corp,Real Estate,Office REITs,USD,12.0,SP400
KRG,KRG,Kite Realty Group Trust,Real Estate,Retail REITs,USD,12.0,SP400
KRYS,KRYS,Krystal Biotech,Health Care,Biotechnology,USD,12.0,SP400
KTOS,KTOS,Kratos Defense & Security Solutions,Industrials,Aerospace & Defense,USD,12.0,SP400
KVUE,KVUE,Kenvue,Consumer Staples,Personal Care Products,USD,60.0,SP500
L,L,Loews Corporation,Financials,Multi-line Insurance,USD,60.0,SP500
LAD,LAD,Lithia Motors,Consumer Discretionary,Automotive Retail,USD,12.0,SP400
LAMR,LAMR,Lamar Advertising Company,Real Estate,Other Specialized REITs,USD,12.0,SP400
LDOS,LDOS,Leidos,Industrials,Diversified Support Services,USD,60.0,SP500
LEA,LEA,Lear,Consumer Discretionary,Automotive Parts & Equipment,USD,12.0,SP400
LECO,LECO,Lincoln Electric,Industrials,Industrial Machinery & Supplies & Components,USD,12.0,SP400
LEN,LEN,Lennar,Consumer Discretionary,Homebuilding,USD,60.0,SP500
LFUS,LFUS,Littelfuse,Information Technology,Electronic Components,USD,12.0,SP400
LH,LH,Labcorp,Health Care,Health Care Services,USD,60.0,SP500
LHX,LHX,L3Harris,Industrials,Aerospace & Defense,USD,60.0,SP500
LII,LII,Lennox International,Industrials,Building Products,USD,60.0,SP500
LIN,LIN,Linde plc,Materials,Industrial Gases,USD,60.0,NASDAQ100;SP500
LITE,LITE,Lumentum,Information Technology,Communications Equipment,USD,60.0,NASDAQ100;SP500
LIVN,LIVN,LivaNova,Health Care,Health Care Equipment,USD,12.0,SP400
LLY,LLY,Lilly (Eli),Health Care,Pharmaceuticals,USD,800,SP500
LMT,LMT,Lockheed Martin,Industrials,Aerospace & Defense,USD,110,SP500
LNT,LNT,Alliant Energy,Utilities,Electric Utilities,USD,60.0,SP500
LNTH,LNTH,Lantheus Holdings,Health Care,Health Care Supplies,USD,12.0,SP400
LOPE,LOPE,Grand Canyon Education,Consumer Discretionary,Education Services,USD,12.0,SP400
LOW,LOW,Lowe's,Consumer Discretionary,Home Improvement Retail,USD,140,SP500
LPX,LPX,Louisiana-Pacific,Industrials,Building Products,USD,12.0,SP400
LRCX,LRCX,Lam Research,Information Technology,Semiconductor Materials & Equipment,USD,120,NASDAQ100;SP500
LSCC,LSCC,Lattice Semiconductor,Information Technology,Semiconductors,USD,12.0,SP400
LSTR,LSTR,Landstar System,Industrials,Cargo Ground Transportation,USD,12.0,SP400
LULU,LULU,Lululemon Athletica,Consumer Discretionary,"Apparel, Accessories & Luxury Goods",USD,60.0,SP500
LUV,LUV,Southwest Airlines,Industrials,Passenger Airlines,USD,60.0,SP500
LVS,LVS,Las Vegas Sands,Consumer Discretionary,Casinos & Gaming,USD,60.0,SP500
LYB,LYB,LyondellBasell,Materials,Specialty Chemicals,USD,60.0,SP500
LYV,LYV,Live Nation Entertainment,Communication Services,Movies & Entertainment,USD,60.0,SP500
M,M,Macy's,Consumer Discretionary,Broadline Retail,USD,12.0,SP400
MA,MA,Mastercard,Financials,Transaction & Payment Processing Services,USD,480,SP500
MAA,MAA,Mid-America Apartment Communities,Real Estate,Multi-Family Residential REITs,USD,60.0,SP500
MANH,MANH,Manhattan Associates,Information Technology,Application Software,USD,12.0,SP400
MAR,MAR,Marriott International,Consumer Discretionary,"Hotels, Resorts & Cruise Lines",USD,60.0,NASDAQ100;SP500
MAS,MAS,Masco,Industrials,Building Products,USD,60.0,SP500
MAT,MAT,Mattel,Consumer Discretionary,Leisure Products,USD,12.0,SP400
MCD,MCD,McDonald's,Consumer Discretionary,Restaurants,USD,220,DOW30;SP500
MCHP,MCHP,Microchip Technology,Information Technology,Semiconductors,USD,60.0,NASDAQ100;SP500
MCK,MCK,McKesson Corporation,Health Care,Health Care Distributors,USD,60.0,SP500
MCO,MCO,Moody's Corporation,Financials,Financial Exchanges & Data,USD,60.0,SP500
MDLZ,MDLZ,Mondelez International,Consumer Staples,Packaged Foods & Meats,USD,60.0,NASDAQ100;SP500
MDT,MDT,Medtronic,Health Care,Health Care Equipment,USD,60.0,SP500
MEDP,MEDP,Medpace,Health Care,Life Sciences Tools & Services,USD,12.0,SP400
MELI,MELI,Mercado Libre,Consumer Discretionary,Broadline Retail,USD,130,NASDAQ100
MET,MET,MetLife,Financials,Life & Health Insurance,USD,60.0,SP500
META,META,Meta Platforms,Communication Services,Interactive Media & Services,USD,1600,NASDAQ100;SP500
MGM,MGM,MGM Resorts,Consumer Discretionary,Casinos & Gaming,USD,60.0,SP500
MIDD,MIDD,Middleby,Industrials,Industrial Machinery & Supplies & Components,USD,12.0,SP400
MKC,MKC,McCormick & Company,Consumer Staples,Packaged Foods & Meats,USD,60.0,SP500
MKSI,MKSI,MKS Instruments,Information Technology,Semiconductor Materials & Equipment,USD,12.0,SP400
MLI,MLI,Mueller Industries,Industrials,Industrial Machinery & Supplies & Components,USD,12.0,SP400
MLM,MLM,Martin Marietta Materials,Materials,Construction Materials,USD,60.0,SP500
MMC,MMC,Marsh McLennan,Financials,Insurance Brokers,USD,115,SP500
MMM,MMM,3M,Industrials,Industrial Conglomerates,USD,60.0,DOW30;SP500
MMS,MMS,Maximus Inc.,Industrials,Data Processing & Outsourced Services,USD,12.0,SP400
MNST,MNST,Monster Beverage,Consumer Staples,Soft Drinks & Non-alcoholic Beverages,USD,60.0,NASDAQ100;SP500
MO,MO,Altria,Consumer Staples,Tobacco,USD,90,SP500
MOG-A,MOG-A,Moog Inc.,Industrials,Aerospace & Defense,USD,12.0,SP400
MOH,MOH,Molina Healthcare,Health Care,Managed Health Care,USD,12.0,SP400
MORN,MORN,"Morningstar, Inc.",Financials,Financial Exchanges & Data,USD,12.0,SP400
MOS,MOS,Mosaic Company (The),Materials,Fertilizers & Agricultural Chemicals,USD,60.0,SP500
MP,MP,MP Materials,Materials,Diversified Metals & Mining,USD,12.0,SP400
MPC,MPC,Marathon Petroleum,Energy,Oil & Gas Refining & Marketing,USD,60.0,SP500
MPWR,MPWR,Monolithic Power Systems,Information Technology,Semiconductors,USD,60.0,NASDAQ100;SP500
MRK,MRK,Merck & Co.,Health Care,Pharmaceuticals,USD,260,DOW30;SP500
MRNA,MRNA,Moderna,Health Care,Biotechnology,USD,60.0,SP500
MRVL,MRVL,Marvell Technology,Information Technology,Semiconductors,USD,60.0,NASDAQ100;SP500
MS,MS,Morgan Stanley,Financials,Investment Banking & Brokerage,USD,210,SP500
MSA,MSA,MSA Safety,Industrials,Office Services & Supplies,USD,12.0,SP400
MSCI,MSCI,MSCI Inc.,Financials,Financial Exchanges & Data,USD,60.0,SP500
MSFT,MSFT,Microsoft,Information Technology,Systems Software,USD,3200,DOW30;NASDAQ100;SP500
MSI,MSI,Motorola Solutions,Information Technology,Communications Equipment,USD,60.0,SP500
MSM,MSM,MSC Industrial Direct,Industrials,Trading Companies & Distributors,USD,12.0,SP400
MSTR,MSTR,MicroStrategy,Information Technology,Application Software,USD,90,NASDAQ100
MTB,MTB,M&T Bank,Financials,Regional Banks,USD,60.0,SP500
MTD,MTD,Mettler Toledo,Health Care,Life Sciences Tools & Services,USD,60.0,SP500
MTDR,MTDR,Matador Resources,Energy,Oil & Gas Exploration & Production,USD,12.0,SP400
MTG,MTG,MGIC Investment Corporation,Financials,Reinsurance,USD,12.0,SP400
MTN,MTN,Vail Resorts,Consumer Discretionary,"Hotels, Resorts & Cruise Lines",USD,12.0,SP400
MTSI,MTSI,MACOM Technology Solutions,Information Technology,Semiconductors,USD,12.0,SP400
MTZ,MTZ,MasTec,Industrials,Construction & Engineering,USD,12.0,SP400
MU,MU,Micron Technology,Information Technology,Semiconductors,USD,140,NASDAQ100;SP500
MUR,MUR,Murphy Oil,Energy,Oil & Gas Exploration & Production,USD,12.0,SP400
MUSA,MUSA,Murphy USA,Consumer Discretionary,Automotive Retail,USD,12.0,SP400
MZTI,MZTI,The Marzetti Company,Consumer Staples,Packaged Foods & Meats,USD,12.0,SP400
NBIS,NBIS,Nebius Group,Information Technology,Internet Services & Infrastructure,USD,20,NASDAQ100
NBIX,NBIX,Neurocrine Biosciences,Health Care,Biotechnology,USD,12.0,SP400
NCLH,NCLH,Norwegian Cruise Line Holdings,Consumer Discretionary,"Hotels, Resorts & Cruise Lines",USD,60.0,SP500
NDAQ,NDAQ,"Nasdaq, Inc.",Financials,Financial Exchanges & Data,USD,60.0,SP500
NDSN,NDSN,Nordson Corporation,Industrials,Industrial Machinery & Supplies & Components,USD,60.0,SP500
NEE,NEE,NextEra Energy,Utilities,Multi-Utilities,USD,60.0,SP500
NEM,NEM,Newmont,Materials,Gold,USD,60.0,SP500
NEU,NEU,NewMarket Corporation,Materials,Specialty Chemicals,USD,12.0,SP400
NFG,NFG,National Fuel Gas,Utilities,Gas Utilities,USD,12.0,SP400
NFLX,NFLX,Netflix,Communication Services,Movies & Entertainment,USD,400,NASDAQ100;SP500
NI,NI,NiSource,Utilities,Multi-Utilities,USD,60.0,SP500
NJR,NJR,New Jersey Resources,Utilities,Gas Utilities,USD,12.0,SP400
NKE,NKE,"Nike, Inc.",Consumer Discretionary,"Apparel, Accessories & Luxury Goods",USD,100,DOW30;SP500
NLY,NLY,Annaly Capital Management,Financials,Mortgage REITs,USD,12.0,SP400
NNN,NNN,NNN Reit,Real Estate,Retail REITs,USD,12.0,SP400
NOC,NOC,Northrop Grumman,Industrials,Aerospace & Defense,USD,80,SP500
NOV,NOV,NOV Inc.,Energy,Oil & Gas Equipment & Services,USD,12.0,SP400
NOVT,NOVT,Novanta,Information Technology,Electronic Equipment & Instruments,USD,12.0,SP400
NOW,NOW,ServiceNow,Information Technology,Systems Software,USD,190,SP500
NRG,NRG,NRG Energy,Utilities,Independent Power Producers & Energy Traders,USD,60.0,SP500
NSC,NSC,Norfolk Southern,Industrials,Rail Transportation,USD,60.0,SP500
NTAP,NTAP,NetApp,Information Technology,"Technology Hardware, Storage & Peripherals",USD,60.0,SP500
NTNX,NTNX,Nutanix,Information Technology,Systems Software,USD,12.0,SP400
NTRS,NTRS,Northern Trust,Financials,Asset Management & Custody Banks,USD,60.0,SP500
NUE,NUE,Nucor,Materials,Steel,USD,60.0,SP500
NVDA,NVDA,Nvidia,Information Technology,Semiconductors,USD,3600,DOW30;NASDAQ100;SP500
NVR,NVR,"NVR, Inc.",Consumer Discretionary,Homebuilding,USD,60.0,SP500
NVST,NVST,Envista Holdings,Health Care,Health Care Supplies,USD,12.0,SP400
NVT,NVT,nVent Electric plc,Industrials,Electrical Components & Equipment,USD,12.0,SP400
NWE,NWE,NorthWestern Energy,Utilities,Multi-Utilities,USD,12.0,SP400
NWS,NWS,News Corp (Class B),Communication Services,Publishing,USD,60.0,SP500
NWSA,NWSA,News Corp (Class A),Communication Services,Publishing,USD,60.0,SP500
NXPI,NXPI,NXP Semiconductors,Information Technology,Semiconductors,USD,60.0,NASDAQ100;SP500
NXST,NXST,Nexstar Media Group,Communication Services,Broadcasting,USD,12.0,SP400
NXT,NXT,Nextpower,Industrials,Electrical Components & Equipment,USD,12.0,SP400
NYT,NYT,New York Times Company,Communication Services,Publishing,USD,12.0,SP400
O,O,Realty Income,Real Estate,Retail REITs,USD,60.0,SP500
OC,OC,Owens Corning,Industrials,Building Products,USD,12.0,SP400
ODFL,ODFL,Old Dominion,Industrials,Cargo Ground Transportation,USD,60.0,NASDAQ100;SP500
OGE,OGE,OGE Energy,Utilities,Multi-Utilities,USD,12.0,SP400
OGS,OGS,One Gas,Utilities,Gas Utilities,USD,12.0,SP400
OHI,OHI,Omega Healthcare Investors,Real Estate,Health Care REITs,USD,12.0,SP400
OKE,OKE,Oneok,Energy,Oil & Gas Storage & Transportation,USD,60.0,SP500
OKTA,OKTA,"Okta, Inc.",Information Technology,Application Software,USD,12.0,SP400
OLED,OLED,Universal Display,Information Technology,Semiconductors,USD,12.0,SP400
OLLI,OLLI,Ollie's Bargain Outlet,Consumer Discretionary,Broadline Retail,USD,12.0,SP400
OLN,OLN,Olin Corporation,Materials,Diversified Chemicals,USD,12.0,SP400
OMC,OMC,Omnicom Group,Communication Services,Advertising,USD,60.0,SP500
ON,ON,ON Semiconductor,Information Technology,Semiconductors,USD,60.0,SP500
ONB,ONB,Old National Bank,Financials,Regional Banks,USD,12.0,SP400
ONTO,ONTO,Onto Innovation,Information Technology,Semiconductor Materials & Equipment,USD,12.0,SP400
OPCH,OPCH,Option Care Health,Health Care,Health Care Facilities,USD,12.0,SP400
ORA,ORA,Ormat Technologies,Utilities,Renewable Electricity,USD,12.0,SP400
ORCL,ORCL,Oracle Corporation,Information Technology,Application Software,USD,550,SP500
ORI,ORI,Old Republic International,Financials,Property & Casualty Insurance,USD,12.0,SP400
ORLY,ORLY,O'Reilly Automotive,Consumer Discretionary,Automotive Retail,USD,60.0,NASDAQ100;SP500
OSK,OSK,Oshkosh,Industrials,Construction Machinery & Heavy Transportation Equipment,USD,12.0,SP400
OTIS,OTIS,Otis Worldwide,Industrials,Industrial Machinery & Supplies & Components,USD,60.0,SP500
OVV,OVV,Ovintiv,Energy,Oil & Gas Exploration & Production,USD,12.0,SP400
OXY,OXY,Occidental Petroleum,Energy,Oil & Gas Exploration & Production,USD,60.0,SP500
OZK,OZK,Bank OZK,Financials,Regional Banks,USD,12.0,SP400
P,P,Everpure,Information Technology,"Technology Hardware, Storage & Peripherals",USD,12.0,SP400
PAG,PAG,Penske Automotive Group,Consumer Discretionary,Automotive Retail,USD,12.0,SP400
PANW,PANW,Palo Alto Networks,Information Technology,Systems Software,USD,120,NASDAQ100;SP500
PATH,PATH,UiPath,Information Technology,Systems Software,USD,12.0,SP400
PAYX,PAYX,Paychex,Industrials,Human Resource & Employment Services,USD,60.0,NASDAQ100;SP500
PB,PB,Prosperity Bancshares,Financials,Regional Banks,USD,12.0,SP400
PBF,PBF,PBF Energy,Energy,Oil & Gas Refining & Marketing,USD,12.0,SP400
PCAR,PCAR,Paccar,Industrials,Construction Machinery & Heavy Transportation Equipment,USD,60.0,NASDAQ100;SP500
PCG,PCG,PG&E Corporation,Utilities,Multi-Utilities,USD,60.0,SP500
PCTY,PCTY,Paylocity,Industrials,Human Resource & Employment Services,USD,12.0,SP400
PDD,PDD,PDD Holdings,Consumer Discretionary,Broadline Retail,USD,160,NASDAQ100
PEG,PEG,Public Service Enterprise Group,Utilities,Electric Utilities,USD,60.0,SP500
PEGA,PEGA,Pegasystems,Information Technology,Application Software,USD,12.0,SP400
PEN,PEN,"Penumbra, Inc.",Health Care,Health Care Equipment,USD,12.0,SP400
PEP,PEP,PepsiCo,Consumer Staples,Soft Drinks & Non-alcoholic Beverages,USD,220,NASDAQ100;SP500
PFE,PFE,Pfizer,Health Care,Pharmaceuticals,USD,60.0,SP500
PFG,PFG,Principal Financial Group,Financials,Life & Health Insurance,USD,60.0,SP500
PFGC,PFGC,Performance Food Group,Consumer Staples,Food Distributors,USD,12.0,SP400
PG,PG,Procter & Gamble,Consumer Staples,Personal Care Products,USD,400,DOW30;SP500
PGR,PGR,Progressive Corporation,Financials,Property & Casualty Insurance,USD,150,SP500
PH,PH,Parker Hannifin,Industrials,Industrial Machinery & Supplies & Components,USD,60.0,SP500
PHM,PHM,PulteGroup,Consumer Discretionary,Homebuilding,USD,60.0,SP500
PII,PII,Polaris,Consumer Discretionary,Leisure Products,USD,12.0,SP400
PINS,PINS,Pinterest,Communication Services,Interactive Home Entertainment,USD,12.0,SP400
PK,PK,Park Hotels & Resorts,Real Estate,Hotel & Resort REITs,USD,12.0,SP400
PKG,PKG,Packaging Corporation of America,Materials,Paper & Plastic Packaging Products & Materials,USD,60.0,SP500
PLD,PLD,Prologis,Real Estate,Industrial REITs,USD,60.0,SP500
PLNT,PLNT,Planet Fitness,Consumer Discretionary,Leisure Facilities,USD,12.0,SP400
PLTR,PLTR,Palantir Technologies,Information Technology,Application Software,USD,180,NASDAQ100;SP500
PM,PM,Philip Morris International,Consumer Staples,Tobacco,USD,250,SP500
PNC,PNC,PNC Financial Services,Financials,Diversified Banks,USD,80,SP500
PNFP,PNFP,Pinnacle Financial Partners,Financials,Regional Banks,USD,12.0,SP400
PNR,PNR,Pentair,Industrials,Industrial Machinery & Supplies & Components,USD,60.0,SP500
PNW,PNW,Pinnacle West Capital,Utilities,Multi-Utilities,USD,60.0,SP500
PODD,PODD,Insulet Corporation,Health Care,Health Care Equipment,USD,60.0,SP500
POR,POR,Portland General Electric,Utilities,Electric Utilities,USD,12.0,SP400
POST,POST,Post Holdings,Consumer Staples,Packaged Foods & Meats,USD,12.0,SP400
PPC,PPC,Pilgrim's Pride,Consumer Staples,Packaged Foods & Meats,USD,12.0,SP400
PPG,PPG,PPG Industries,Materials,Specialty Chemicals,USD,60.0,SP500
PPL,PPL,PPL Corporation,Utilities,Electric Utilities,USD,60.0,SP500
PR,PR,Permian Resources,Energy,Oil & Gas Exploration & Production,USD,12.0,SP400
PRI,PRI,Primerica,Financials,Life & Health Insurance,USD,12.0,SP400
PRU,PRU,Prudential Financial,Financials,Life & Health Insurance,USD,60.0,SP500
PSA,PSA,Public Storage,Real Estate,Self-Storage REITs,USD,60.0,SP500
PSKY,PSKY,Paramount Skydance Corporation,Communication Services,Movies & Entertainment,USD,60.0,SP500
PSN,PSN,Parsons Corporation,Industrials,Aerospace & Defense,USD,12.0,SP400
PSX,PSX,Phillips 66,Energy,Oil & Gas Refining & Marketing,USD,60.0,SP500
PTC,PTC,PTC Inc.,Information Technology,Application Software,USD,60.0,SP500
PVH,PVH,PVH Corp.,Consumer Discretionary,"Apparel, Accessories & Luxury Goods",USD,12.0,SP400
PWR,PWR,Quanta Services,Industrials,Construction & Engineering,USD,60.0,SP500
PYPL,PYPL,PayPal,Financials,Transaction & Payment Processing Services,USD,70,NASDAQ100;SP500
QCOM,QCOM,Qualcomm,Information Technology,Semiconductors,USD,190,NASDAQ100;SP500
QLYS,QLYS,Qualys,Information Technology,Systems Software,USD,12.0,SP400
R,R,Ryder,Industrials,Cargo Ground Transportation,USD,12.0,SP400
RBA,RBA,RB Global,Industrials,Diversified Support Services,USD,12.0,SP400
RBC,RBC,RBC Bearings,Industrials,Industrial Machinery & Supplies & Components,USD,12.0,SP400
RCL,RCL,Royal Caribbean Group,Consumer Discretionary,"Hotels, Resorts & Cruise Lines",USD,60.0,SP500
REG,REG,Regency Centers,Real Estate,Retail REITs,USD,60.0,SP500
REGN,REGN,Regeneron Pharmaceuticals,Health Care,Biotechnology,USD,90,NASDAQ100;SP500
REXR,REXR,Rexford Industrial Realty,Real Estate,Industrial REITs,USD,12.0,SP400
RF,RF,Regions Financial Corporation,Financials,Regional Banks,USD,60.0,SP500
RGA,RGA,Reinsurance Group of America,Financials,Reinsurance,USD,12.0,SP400
RGEN,RGEN,Repligen,Health Care,Biotechnology,USD,12.0,SP400
RGLD,RGLD,Royal Gold,Materials,Gold,USD,12.0,SP400
RH,RH,RH,Consumer Discretionary,Homefurnishing Retail,USD,12.0,SP400
RJF,RJF,Raymond James Financial,Financials,Investment Banking & Brokerage,USD,60.0,SP500
RKLB,RKLB,Rocket Lab,Industrials,Aerospace & Defense,USD,20,NASDAQ100
RL,RL,Ralph Lauren Corporation,Consumer Discretionary,"Apparel, Accessories & Luxury Goods",USD,60.0,SP500
RLI,RLI,RLI Corp.,Financials,Property & Casualty Insurance,USD,12.0,SP400
RMBS,RMBS,Rambus,Information Technology,Semiconductors,USD,12.0,SP400
RMD,RMD,ResMed,Health Care,Health Care Equipment,USD,60.0,SP500
RNR,RNR,RenaissanceRe,Financials,Reinsurance,USD,12.0,SP400
ROIV,ROIV,Roivant Sciences,Health Care,Biotechnology,USD,12.0,SP400
ROK,ROK,Rockwell Automation,Industrials,Electrical Components & Equipment,USD,60.0,SP500
ROKU,ROKU,"Roku, Inc.",Communication Services,Movies & Entertainment,USD,12.0,SP400
ROL,ROL,"Rollins, Inc.",Industrials,Environmental & Facilities Services,USD,60.0,SP500
ROP,ROP,Roper Technologies,Information Technology,Electronic Equipment & Instruments,USD,60.0,NASDAQ100;SP500
ROST,ROST,Ross Stores,Consumer Discretionary,Apparel Retail,USD,60.0,NASDAQ100;SP500
RPM,RPM,RPM International,Materials,Specialty Chemicals,USD,12.0,SP400
RRC,RRC,Range Resources,Energy,Oil & Gas Exploration & Production,USD,12.0,SP400
RRX,RRX,Regal Rexnord,Industrials,Electrical Components & Equipment,USD,12.0,SP400
RS,RS,"Reliance, Inc.",Materials,Steel,USD,12.0,SP400
RSG,RSG,Republic Services,Industrials,Environmental & Facilities Services,USD,60.0,SP500
RTX,RTX,RTX Corporation,Industrials,Aerospace & Defense,USD,180,SP500
RVTY,RVTY,Revvity,Health Care,Health Care Equipment,USD,60.0,SP500
RYAN,RYAN,Ryan Specialty,Financials,Insurance Brokers,USD,12.0,SP400
RYN,RYN,Rayonier,Real Estate,Timber REITs,USD,12.0,SP400
SAIA,SAIA,Saia,Industrials,Cargo Ground Transportation,USD,12.0,SP400
SAIC,SAIC,Science Applications Intl Corp,Industrials,Diversified Support Services,USD,12.0,SP400
SAM,SAM,Boston Beer Company,Consumer Staples,Brewers,USD,12.0,SP400
SANM,SANM,Sanmina Corporation,Information Technology,Electronic Manufacturing Services,USD,12.0,SP400
SARO,SARO,StandardAero,Industrials,Aerospace & Defense,USD,12.0,SP400
SBAC,SBAC,SBA Communications,Real Estate,Telecom Tower REITs,USD,60.0,SP500
SBRA,SBRA,Sabra Health Care REIT,Real Estate,Health Care REITs,USD,12.0,SP400
SBUX,SBUX,Starbucks,Consumer Discretionary,Restaurants,USD,110,NASDAQ100;SP500
SCHW,SCHW,Charles Schwab Corporation,Financials,Investment Banking & Brokerage,USD,160,SP500
SCI,SCI,Service Corp Intl,Consumer Discretionary,Specialized Consumer Services,USD,12.0,SP400
SEIC,SEIC,SEI Investments Company,Financials,Asset Management & Custody Banks,USD,12.0,SP400
SF,SF,Stifel,Financials,Investment Banking & Brokerage,USD,12.0,SP400
SFM,SFM,Sprouts Farmers Market,Consumer Staples,Food Retail,USD,12.0,SP400
SGI,SGI,Somnigroup International,Consumer Discretionary,Home Furnishings,USD,12.0,SP400
SHC,SHC,Sotera Health,Health Care,Health Care Services,USD,12.0,SP400
SHOP,SHOP,Shopify,Information Technology,Application Software,USD,150,NASDAQ100
SHW,SHW,Sherwin-Williams,Materials,Specialty Chemicals,USD,60.0,DOW30;SP500
SIGI,SIGI,Selective Insurance Group,Financials,Property & Casualty Insurance,USD,12.0,SP400
SIRI,SIRI,SiriusXM,Communication Services,Broadcasting,USD,12.0,SP400
SITM,SITM,SiTime,Information Technology,Semiconductors,USD,12.0,SP400
SJM,SJM,J.M. Smucker Company (The),Consumer Staples,Packaged Foods & Meats,USD,60.0,SP500
SLAB,SLAB,Silicon Labs,Information Technology,Semiconductors,USD,12.0,SP400
SLB,SLB,Schlumberger,Energy,Oil & Gas Equipment & Services,USD,60,SP500
SLGN,SLGN,Silgan Holdings,Materials,"Metal, Glass & Plastic Containers",USD,12.0,SP400
SLM,SLM,SLM Corp,Financials,Consumer Finance,USD,12.0,SP400
SMCI,SMCI,Supermicro,Information Technology,"Technology Hardware, Storage & Peripherals",USD,60.0,SP500
SMG,SMG,Scotts Miracle-Gro Company,Materials,Fertilizers & Agricultural Chemicals,USD,12.0,SP400
SMTC,SMTC,Semtech,Information Technology,Semiconductors,USD,12.0,SP400
SN,SN,SharkNinja,Consumer Discretionary,Household Appliances,USD,12.0,SP400
SNA,SNA,Snap-on,Industrials,Industrial Machinery & Supplies & Components,USD,60.0,SP500
SNDK,SNDK,Sandisk,Information Technology,"Technology Hardware, Storage & Peripherals",USD,60.0,NASDAQ100;SP500
SNPS,SNPS,Synopsys,Information Technology,Application Software,USD,60.0,NASDAQ100;SP500
SNX,SNX,TD Synnex,Information Technology,Technology Distributors,USD,12.0,SP400
SO,SO,Southern Company,Utilities,Electric Utilities,USD,60.0,SP500
SOLS,SOLS,Solstice Advanced Materials,Materials,Specialty Chemicals,USD,12.0,SP400
SOLV,SOLV,Solventum,Health Care,Health Care Technology,USD,60.0,SP500
SON,SON,Sonoco,Materials,Paper & Plastic Packaging Products & Materials,USD,12.0,SP400
SPG,SPG,Simon Property Group,Real Estate,Retail REITs,USD,60.0,SP500
SPGI,SPGI,S&P Global,Financials,Financial Exchanges & Data,USD,150,SP500
SPXC,SPXC,SPX Technologies,Industrials,Industrial Machinery & Supplies & Components,USD,12.0,SP400
SR,SR,Spire,Utilities,Gas Utilities,USD,12.0,SP400
SRE,SRE,Sempra,Utilities,Multi-Utilities,USD,60.0,SP500
SSB,SSB,South State Bank,Financials,Regional Banks,USD,12.0,SP400
SSD,SSD,Simpson Manufacturing,Industrials,Building Products,USD,12.0,SP400
ST,ST,Sensata Technologies,Industrials,Electrical Components & Equipment,USD,12.0,SP400
STAG,STAG,STAG Industrial,Real Estate,Industrial REITs,USD,12.0,SP400
STE,STE,Steris,Health Care,Health Care Equipment,USD,60.0,SP500
STLD,STLD,Steel Dynamics,Materials,Steel,USD,60.0,SP500
STRL,STRL,Sterling Infrastructure,Industrials,Construction & Engineering,USD,12.0,SP400
STT,STT,State Street Corporation,Financials,Asset Management & Custody Banks,USD,60.0,SP500
STWD,STWD,Starwood Property Trust,Financials,Mortgage REITs,USD,12.0,SP400
STX,STX,Seagate Technology,Information Technology,"Technology Hardware, Storage & Peripherals",USD,60.0,NASDAQ100;SP500
STZ,STZ,Constellation Brands,Consumer Staples,Distillers & Vintners,USD,60.0,SP500
SW,SW,Smurfit Westrock,Materials,Paper & Plastic Packaging Products & Materials,USD,60.0,SP500
SWK,SWK,Stanley Black & Decker,Industrials,Industrial Machinery & Supplies & Components,USD,60.0,SP500
SWKS,SWKS,Skyworks Solutions,Information Technology,Semiconductors,USD,60.0,SP500
SWX,SWX,Southwest Gas Corp,Utilities,Gas Utilities,USD,12.0,SP400
SYF,SYF,Synchrony Financial,Financials,Consumer Finance,USD,60.0,SP500
SYK,SYK,Stryker Corporation,Health Care,Health Care Equipment,USD,150,SP500
SYNA,SYNA,Synaptics,Information Technology,Semiconductors,USD,12.0,SP400
SYY,SYY,Sysco,Consumer Staples,Food Distributors,USD,60.0,SP500
T,T,AT&T,Communication Services,Integrated Telecommunication Services,USD,190,SP500
TAP,TAP,Molson Coors Beverage Company,Consumer Staples,Brewers,USD,60.0,SP500
TCBI,TCBI,Texas Capital Bancshares,Financials,Regional Banks,USD,12.0,SP400
TDG,TDG,TransDigm Group,Industrials,Aerospace & Defense,USD,60.0,SP500
TDY,TDY,Teledyne Technologies,Information Technology,Electronic Equipment & Instruments,USD,60.0,SP500
TECH,TECH,Bio-Techne,Health Care,Life Sciences Tools & Services,USD,60.0,SP500
TEL,TEL,TE Connectivity,Information Technology,Electronic Manufacturing Services,USD,60.0,SP500
TER,TER,Teradyne,Information Technology,Semiconductor Materials & Equipment,USD,60.0,NASDAQ100;SP500
TEX,TEX,Terex,Industrials,Construction Machinery & Heavy Transportation Equipment,USD,12.0,SP400
TFC,TFC,Truist Financial,Financials,Diversified Banks,USD,60.0,SP500
TGT,TGT,Target Corporation,Consumer Staples,Consumer Staples Merchandise Retail,USD,60.0,SP500
THC,THC,Tenet Health,Health Care,Health Care Facilities,USD,12.0,SP400
THG,THG,Hanover Insurance,Financials,Property & Casualty Insurance,USD,12.0,SP400
THO,THO,Thor Industries,Consumer Discretionary,Leisure Products,USD,12.0,SP400
TJX,TJX,TJX Companies,Consumer Discretionary,Apparel Retail,USD,140,SP500
TKO,TKO,TKO Group Holdings,Communication Services,Movies & Entertainment,USD,60.0,SP500
TKR,TKR,Timken,Industrials,Industrial Machinery & Supplies & Components,USD,12.0,SP400
TLN,TLN,Talen Energy,Utilities,Independent Power Producers & Energy Traders,USD,12.0,SP400
TMO,TMO,Thermo Fisher Scientific,Health Care,Life Sciences Tools & Services,USD,210,SP500
TMUS,TMUS,T-Mobile US,Communication Services,Wireless Telecommunication Services,USD,260,NASDAQ100;SP500
TNL,TNL,Travel + Leisure Co.,Consumer Discretionary,"Hotels, Resorts & Cruise Lines",USD,12.0,SP400
TOL,TOL,Toll Brothers,Consumer Discretionary,Homebuilding,USD,12.0,SP400
TOST,TOST,"Toast, Inc.",Financials,Transaction & Payment Processing Services,USD,12.0,SP400
TPL,TPL,Texas Pacific Land Corporation,Energy,Oil & Gas Exploration & Production,USD,60.0,SP500
TPR,TPR,"Tapestry, Inc.",Consumer Discretionary,"Apparel, Accessories & Luxury Goods",USD,60.0,SP500
TREX,TREX,Trex,Industrials,Building Products,USD,12.0,SP400
TRGP,TRGP,Targa Resources,Energy,Oil & Gas Storage & Transportation,USD,60.0,SP500
TRI,TRI,Thomson Reuters,Industrials,Research & Consulting Services,USD,85,NASDAQ100
TRMB,TRMB,Trimble Inc.,Information Technology,Application Software,USD,60.0,SP500
TROW,TROW,T. Rowe Price,Financials,Asset Management & Custody Banks,USD,60.0,SP500
TRU,TRU,TransUnion,Industrials,Research & Consulting Services,USD,12.0,SP400
TRV,TRV,Travelers Companies (The),Financials,Property & Casualty Insurance,USD,60.0,DOW30;SP500
TSCO,TSCO,Tractor Supply,Consumer Discretionary,Other Specialty Retail,USD,60.0,SP500
TSLA,TSLA,"Tesla, Inc.",Consumer Discretionary,Automobile Manufacturers,USD,1100,NASDAQ100;SP500
TSN,TSN,Tyson Foods,Consumer Staples,Packaged Foods & Meats,USD,60.0,SP500
TT,TT,Trane Technologies,Industrials,Building Products,USD,60.0,SP500
TTC,TTC,Toro,Industrials,Agricultural & Farm Machinery,USD,12.0,SP400
TTD,TTD,Trade Desk (The),Communication Services,Advertising,USD,60.0,SP500
TTEK,TTEK,Tetra Tech,Industrials,Construction & Engineering,USD,12.0,SP400
TTMI,TTMI,TTM Technologies,Information Technology,Electronic Manufacturing Services,USD,12.0,SP400
TTWO,TTWO,Take-Two Interactive,Communication Services,Interactive Home Entertainment,USD,60.0,NASDAQ100;SP500
TWLO,TWLO,Twilio,Information Technology,Systems Software,USD,12.0,SP400
TXN,TXN,Texas Instruments,Information Technology,Semiconductors,USD,180,NASDAQ100;SP500
TXNM,TXNM,TXNM Energy,Utilities,Electric Utilities,USD,12.0,SP400
TXRH,TXRH,Texas Roadhouse,Consumer Discretionary,Restaurants,USD,12.0,SP400
TXT,TXT,Textron,Industrials,Aerospace & Defense,USD,60.0,SP500
TYL,TYL,Tyler Technologies,Information Technology,Application Software,USD,60.0,SP500
UAL,UAL,United Airlines Holdings,Industrials,Passenger Airlines,USD,60.0,SP500
UBER,UBER,Uber,Industrials,Passenger Ground Transportation,USD,60.0,SP500
UBSI,UBSI,United Bankshares,Financials,Regional Banks,USD,12.0,SP400
UDR,UDR,"UDR, Inc.",Real Estate,Multi-Family Residential REITs,USD,60.0,SP500
UFPI,UFPI,UFP Industries,Industrials,Building Products,USD,12.0,SP400
UGI,UGI,UGI Corp,Utilities,Gas Utilities,USD,12.0,SP400
UHS,UHS,Universal Health Services,Health Care,Health Care Facilities,USD,60.0,SP500
ULS,ULS,UL Solutions,Industrials,Research & Consulting Services,USD,12.0,SP400
ULTA,ULTA,Ulta Beauty,Consumer Discretionary,Other Specialty Retail,USD,60.0,SP500
UMBF,UMBF,UMB Financial Corp.,Financials,Regional Banks,USD,12.0,SP400
UNH,UNH,UnitedHealth Group,Health Care,Managed Health Care,USD,320,DOW30;SP500
UNM,UNM,Unum,Financials,Life & Health Insurance,USD,12.0,SP400
UNP,UNP,Union Pacific Corporation,Industrials,Rail Transportation,USD,60.0,SP500
UPS,UPS,United Parcel Service,Industrials,Air Freight & Logistics,USD,90,SP500
URI,URI,United Rentals,Industrials,Trading Companies & Distributors,USD,60.0,SP500
USB,USB,U.S. Bancorp,Financials,Diversified Banks,USD,85,SP500
USFD,USFD,US Foods,Consumer Staples,Food Distributors,USD,12.0,SP400
UTHR,UTHR,United Therapeutics,Health Care,Biotechnology,USD,12.0,SP400
V,V,Visa Inc.,Financials,Transaction & Payment Processing Services,USD,650,DOW30;SP500
VAL,VAL,Valaris,Energy,Oil & Gas Drilling,USD,12.0,SP400
VC,VC,Visteon,Consumer Discretionary,Automotive Parts & Equipment,USD,12.0,SP400
VEEV,VEEV,Veeva Systems,Health Care,Health Care Technology,USD,60.0,SP500
VFC,VFC,VF Corporation,Consumer Discretionary,"Apparel, Accessories & Luxury Goods",USD,12.0,SP400
VIAV,VIAV,Viavi Solutions,Information Technology,Communications Equipment,USD,12.0,SP400
VICI,VICI,Vici Properties,Real Estate,Hotel & Resort REITs,USD,60.0,SP500
VICR,VICR,Vicor Corporation,Industrials,Electrical Components & Equipment,USD,12.0,SP400
VLO,VLO,Valero Energy,Energy,Oil & Gas Refining & Marketing,USD,60.0,SP500
VLTO,VLTO,Veralto,Industrials,Environmental & Facilities Services,USD,60.0,SP500
VLY,VLY,Valley Bank,Financials,Regional Banks,USD,12.0,SP400
VMC,VMC,Vulcan Materials Company,Materials,Construction Materials,USD,60.0,SP500
VMI,VMI,Valmont Industries,Industrials,Industrial Machinery & Supplies & Components,USD,12.0,SP400
VNO,VNO,Vornado Realty Trust,Real Estate,Office REITs,USD,12.0,SP400
VNOM,VNOM,Viper Energy,Energy,Oil & Gas Storage & Transportation,USD,12.0,SP400
VNT,VNT,Vontier,Information Technology,Electronic Equipment & Instruments,USD,12.0,SP400
VOYA,VOYA,Voya Financial,Financials,Multi-Sector Holdings,USD,12.0,SP400
VRSK,VRSK,Verisk Analytics,Industrials,Research & Consulting Services,USD,60.0,SP500
VRSN,VRSN,Verisign,Information Technology,Internet Services & Infrastructure,USD,60.0,SP500
VRT,VRT,Vertiv,Industrials,Electrical Components & Equipment,USD,60.0,SP500
VRTX,VRTX,Vertex Pharmaceuticals,Health Care,Biotechnology,USD,130,NASDAQ100;SP500
VST,VST,Vistra Corp.,Utilities,Electric Utilities,USD,60.0,SP500
VTR,VTR,Ventas,Real Estate,Health Care REITs,USD,60.0,SP500
VTRS,VTRS,Viatris,Health Care,Pharmaceuticals,USD,60.0,SP500
VVV,VVV,Valvoline,Consumer Discretionary,Automotive Retail,USD,12.0,SP400
VZ,VZ,Verizon,Communication Services,Integrated Telecommunication Services,USD,180,SP500
WAB,WAB,Wabtec,Industrials,Construction Machinery & Heavy Transportation Equipment,USD,60.0,SP500
WAL,WAL,Western Alliance Bancorporation,Financials,Regional Banks,USD,12.0,SP400
WAT,WAT,Waters Corporation,Health Care,Life Sciences Tools & Services,USD,60.0,SP500
WBD,WBD,Warner Bros. Discovery,Communication Services,Broadcasting,USD,60.0,NASDAQ100;SP500
WBS,WBS,Webster Bank,Financials,Regional Banks,USD,12.0,SP400
WCC,WCC,WESCO International,Industrials,Trading Companies & Distributors,USD,12.0,SP400
WDAY,WDAY,"Workday, Inc.",Information Technology,Application Software,USD,60.0,NASDAQ100;SP500
WDC,WDC,Western Digital,Information Technology,"Technology Hardware, Storage & Peripherals",USD,60.0,NASDAQ100;SP500
WEC,WEC,WEC Energy Group,Utilities,Electric Utilities,USD,60.0,SP500
WELL,WELL,Welltower,Real Estate,Health Care REITs,USD,60.0,SP500
WEX,WEX,WEX Inc.,Financials,Transaction & Payment Processing Services,USD,12.0,SP400
WFC,WFC,Wells Fargo,Financials,Diversified Banks,USD,240,SP500
WFRD,WFRD,Weatherford International,Energy,Oil & Gas Equipment & Services,USD,12.0,SP400
WH,WH,Wyndham Hotels & Resorts,Consumer Discretionary,"Hotels, Resorts & Cruise Lines",USD,12.0,SP400
WHR,WHR,Whirlpool Corporation,Consumer Discretionary,Household Appliances,USD,12.0,SP400
WING,WING,Wingstop,Consumer Discretionary,Restaurants,USD,12.0,SP400
WLK,WLK,Westlake Corporation,Materials,Specialty Chemicals,USD,12.0,SP400
WM,WM,Waste Management,Industrials,Environmental & Facilities Services,USD,60.0,SP500
WMB,WMB,Williams Companies,Energy,Oil & Gas Storage & Transportation,USD,60.0,SP500
WMG,WMG,Warner Music Group,Communication Services,Movies & Entertainment,USD,12.0,SP400
WMS,WMS,Advanced Drainage Systems,Industrials,Building Products,USD,12.0,SP400
WMT,WMT,Walmart,Consumer Staples,Consumer Staples Merchandise Retail,USD,800,DOW30;NASDAQ100;SP500
WPC,WPC,W. P. Carey,Real Estate,Diversified REITs,USD,12.0,SP400
WRB,WRB,W. R. Berkley Corporation,Financials,Property & Casualty Insurance,USD,60.0,SP500
WSM,WSM,"Williams-Sonoma, Inc.",Consumer Discretionary,Homefurnishing Retail,USD,60.0,SP500
WSO,WSO,Watsco,Industrials,Trading Companies & Distributors,USD,12.0,SP400
WST,WST,West Pharmaceutical Services,Health Care,Health Care Supplies,USD,60.0,SP500
WTFC,WTFC,Wintrust Financial,Financials,Regional Banks,USD,12.0,SP400
WTRG,WTRG,Essential Utilities,Utilities,Water Utilities,USD,12.0,SP400
WTS,WTS,Watts Water Technologies,Industrials,Building Products,USD,12.0,SP400
WTW,WTW,Willis Towers Watson,Financials,Insurance Brokers,USD,60.0,SP500
WWD,WWD,"Woodward, Inc.",Industrials,Electrical Components & Equipment,USD,12.0,SP400
WY,WY,Weyerhaeuser,Real Estate,Timber REITs,USD,60.0,SP500
WYNN,WYNN,Wynn Resorts,Consumer Discretionary,Casinos & Gaming,USD,60.0,SP500
XEL,XEL,Xcel Energy,Utilities,Multi-Utilities,USD,60.0,NASDAQ100;SP500
XOM,XOM,ExxonMobil,Energy,Integrated Oil & Gas,USD,500,SP500
XPO,XPO,"XPO, Inc.",Industrials,Cargo Ground Transportation,USD,12.0,SP400
XRAY,XRAY,Dentsply Sirona,Health Care,Health Care Supplies,USD,12.0,SP400
XYL,XYL,Xylem Inc.,Industrials,Industrial Machinery & Supplies & Components,USD,60.0,SP500
XYZ,XYZ,"Block, Inc.",Financials,Transaction & Payment Processing Services,USD,60.0,SP500
YETI,YETI,Yeti Holdings,Consumer Discretionary,Leisure Products,USD,12.0,SP400
YUM,YUM,Yum! Brands,Consumer Discretionary,Restaurants,USD,60.0,SP500
ZBH,ZBH,Zimmer Biomet,Health Care,Health Care Equipment,USD,60.0,SP500
ZBRA,ZBRA,Zebra Technologies,Information Technology,Electronic Equipment & Instruments,USD,60.0,SP500
ZION,ZION,Zions Bancorporation,Financials,Regional Banks,USD,12.0,SP400
ZTS,ZTS,Zoetis,Health Care,Pharmaceuticals,USD,60.0,SP500
